testId,questionId,key,label
mindset-1,q1,A,物価上昇、超高齢化社会、人口減少
mindset-1,q1,B,少子化、AIの進化、環境問題
mindset-1,q1,C,税率引き下げ、人口増加、賃金上昇
mindset-1,q1,D,金融リテラシー向上、平均寿命短縮、医療費減少
mindset-1,q1,E,円高、若年層の高収入化、失業率低下
mindset-1,q2,A,年間1%の上昇
mindset-1,q2,B,年間2%の上昇
mindset-1,q2,C,年間3%の上昇
mindset-1,q2,D,年間5%の上昇
mindset-1,q2,E,物価を下げる政策
mindset-1,q3,A,2040年までに日本の人口が1億人を下回る問題
mindset-1,q3,B,2040年に日本の人口の35％が65歳以上の高齢者になる問題
mindset-1,q3,C,2040年に年金制度が完全に廃止される問題
mindset-1,q3,D,2040年に日本の平均寿命が短くなる問題
mindset-1,q3,E,2040年に消費税が20％に引き上げられる問題
mindset-1,q4,A,すべての高齢者が1割負担である
mindset-1,q4,B,すべての高齢者が3割負担である
mindset-1,q4,C,所得に応じて1割または3割負担になる
mindset-1,q4,D,年金受給者は医療費が無料になる
mindset-1,q4,E,医療費は一律2割負担に変更された
mindset-1,q5,A,投資のテクニックを学ぶこと
mindset-1,q5,B,節約術を学ぶこと
mindset-1,q5,C,副業スキルを磨くこと
mindset-1,q5,D,お金に対する考え方や価値観を整えること
mindset-1,q5,E,保険商品の情報を集めること
mindset-2,q1,A,およそ10万円
mindset-2,q1,B,およそ12万円
mindset-2,q1,C,およそ16万円
mindset-2,q1,D,およそ20万円
mindset-2,q1,E,およそ27万円
mindset-2,q2,A,女性83歳、男性88歳
mindset-2,q2,B,女性88歳、男性83歳
mindset-2,q2,C,女性90歳、男性85歳
mindset-2,q2,D,女性85歳、男性80歳
mindset-2,q2,E,女性93歳、男性88歳
mindset-2,q3,A,2700万円
mindset-2,q3,B,4000万円
mindset-2,q3,C,6000万円
mindset-2,q3,D,9700万円
mindset-2,q3,E,1億円
mindset-2,q4,A,自営業は月14.4万円、会社員は月5.5万円
mindset-2,q4,B,自営業は月5.5万円、会社員は月14.4万円
mindset-2,q4,C,自営業は月10万円、会社員は月20万円
mindset-2,q4,D,自営業・会社員ともに月12万円
mindset-2,q4,E,年金額は一律で月16万円
mindset-2,q5,A,2000万円
mindset-2,q5,B,3000万円
mindset-2,q5,C,4000万円
mindset-2,q5,D,6000万円
mindset-2,q5,E,1億円
mindset-3,q1,A,第1領域（緊急かつ重要）
mindset-3,q1,B,第2領域（緊急ではないが重要）
mindset-3,q1,C,第3領域（緊急だが重要でない）
mindset-3,q1,D,第4領域（緊急でも重要でもない）
mindset-3,q1,E,すべての領域に当てはまる
mindset-3,q2,A,第1領域を優先すれば第2領域は不要になる
mindset-3,q2,B,第2領域に取り組めば第1領域を最小限にできる
mindset-3,q2,C,第2領域は趣味や娯楽の時間を指す
mindset-3,q2,D,第1領域と第2領域はまったく関係がない
mindset-3,q2,E,第2領域は短期的な成果にしか役立たない
mindset-3,q3,A,約3割
mindset-3,q3,B,約5割
mindset-3,q3,C,約7割
mindset-3,q3,D,約9割
mindset-3,q3,E,約1割
mindset-3,q4,A,投資で短期的に利益を得ること
mindset-3,q4,B,収入と支出を管理すること
mindset-3,q4,C,最新の投資ニュースを常にチェックすること
mindset-3,q4,D,人気の金融商品を買ってみること
mindset-3,q4,E,株や投資信託をいきなり始めること
mindset-3,q5,A,投資の利益が多いかどうか
mindset-3,q5,B,収入の高さによる違い
mindset-3,q5,C,投資できる金額や期間の長さによる違い
mindset-3,q5,D,お金を管理・コントロールできているかどうか
mindset-3,q5,E,周囲の人と比べて優れているかどうか
mindset-4,q1,A,稼ぐ→使う→貯める
mindset-4,q1,B,貯める→稼ぐ→使う
mindset-4,q1,C,稼ぐ→貯める→使う
mindset-4,q1,D,使う→貯める→稼ぐ
mindset-4,q1,E,稼ぐ→投資する→使う
mindset-4,q2,A,必要最低限の生活費は残す
mindset-4,q2,B,家族のお金の使い方を見直す
mindset-4,q2,C,税金の勉強をする
mindset-4,q2,D,貯めたお金をすべて投資に回す
mindset-4,q2,E,お金の使い方を管理する
mindset-4,q3,A,50％
mindset-4,q3,B,60％
mindset-4,q3,C,70％
mindset-4,q3,D,80％
mindset-4,q3,E,90％
mindset-4,q4,A,60％
mindset-4,q4,B,65％
mindset-4,q4,C,70％
mindset-4,q4,D,80％
mindset-4,q4,E,85％
mindset-4,q5,A,副業を始めること
mindset-4,q5,B,転職活動をすること
mindset-4,q5,C,支出を見直すこと
mindset-4,q5,D,金融投資に挑戦すること
mindset-4,q5,E,生活水準を上げること
mindset-5,q1,A,思い込み → 感情 → 言葉 → 行動 → 結果
mindset-5,q1,B,感情 → 言葉 → 思い込み → 行動 → 結果
mindset-5,q1,C,言葉 → 行動 → 感情 → 結果 → 思い込み
mindset-5,q1,D,結果 → 行動 → 言葉 → 感情 → 思い込み
mindset-5,q1,E,行動 → 感情 → 結果 → 言葉 → 思い込み
mindset-5,q2,A,お金の使い方の計画
mindset-5,q2,B,その人が持つ根本的な考え方や価値観、ものの見方
mindset-5,q2,C,お金を増やすための具体的な手法
mindset-5,q2,D,収入と支出のバランス
mindset-5,q2,E,人間関係における信頼関係
mindset-5,q3,A,否定的な結果になりやすい
mindset-5,q3,B,お金を持つことを拒否する結果になる
mindset-5,q3,C,お金が増えていくという結果が得られる
mindset-5,q3,D,お金を使うことを避けるようになる
mindset-5,q3,E,お金を人間関係から切り離して考えるようになる
mindset-5,q4,A,1種類
mindset-5,q4,B,2種類
mindset-5,q4,C,3種類
mindset-5,q4,D,4種類
mindset-5,q4,E,5種類
mindset-5,q5,A,お金を避けて生きている状態
mindset-5,q5,B,お金を持つことで偉そうになっている状態
mindset-5,q5,C,お金に対して恐怖を感じている状態
mindset-5,q5,D,お金と親友やパートナーのように信頼し合える状態
mindset-5,q5,E,お金を軽視してまったく管理しない状態
mindset-6,q1,A,周囲からどう見られているか
mindset-6,q1,B,自分が思っている自分のこと
mindset-6,q1,C,理想の職業や生活スタイル
mindset-6,q1,D,社会的な肩書きや地位
mindset-6,q1,E,資産額や収入の水準
mindset-6,q2,A,ふさわしいと思う場所で止まり、下がるのも上がるのも苦痛になる
mindset-6,q2,B,下がるのは苦痛だが、上がるのは常に快適である
mindset-6,q2,C,ふさわしいと思う場所は常に変動する
mindset-6,q2,D,上がるのは苦痛だが、下がるのは楽になる
mindset-6,q2,E,どの方向に変化しても苦痛は感じない
mindset-6,q3,A,社会的な制約が強いから
mindset-6,q3,B,収入の変化が激しいから
mindset-6,q3,C,苦痛の存在があるから
mindset-6,q3,D,投資の知識が不足しているから
mindset-6,q3,E,周囲からの反対があるから
mindset-6,q4,A,新しい環境に強制的に飛び込むこと
mindset-6,q4,B,お金をたくさん稼いで自信をつけること
mindset-6,q4,C,自分を信じること
mindset-6,q4,D,周囲の評価を気にしないこと
mindset-6,q4,E,理想を曖昧にしてストレスを減らすこと
mindset-6,q5,A,投資で一気に資産を増やすこと
mindset-6,q5,B,理想を明確にし、現状を把握してコツコツ学び実践すること
mindset-6,q5,C,現状を受け入れて変化を避けること
mindset-6,q5,D,周囲に流されて行動を決めること
mindset-6,q5,E,収入を増やすことだけに集中すること
mindset-7,q1,A,我慢や節約ばかりでネガティブなもの
mindset-7,q1,B,将来の夢や安心を叶えるポジティブなもの
mindset-7,q1,C,収入が多い人だけができるもの
mindset-7,q1,D,投資できない人のするもの
mindset-7,q1,E,友人との付き合いを減らして行うもの
mindset-7,q2,A,金額を多く設定すること
mindset-7,q2,B,目的を明確にすること
mindset-7,q2,C,友人と一緒に貯金すること
mindset-7,q2,D,最新の金融商品を調べること
mindset-7,q2,E,できるだけ節約し我慢すること
mindset-7,q3,A,1ヶ月分
mindset-7,q3,B,2ヶ月分
mindset-7,q3,C,3〜6ヶ月分
mindset-7,q3,D,12ヶ月分
mindset-7,q3,E,24ヶ月分
mindset-7,q4,A,現金を財布に多めに入れておく
mindset-7,q4,B,ボーナス時だけ貯金する
mindset-7,q4,C,貯金を先に確保し、口座を分け、引き出しにくい環境を作る
mindset-7,q4,D,収入が余った時だけ貯金する
mindset-7,q4,E,友人にお金を預けて管理してもらう
mindset-7,q5,A,金利が必ず上がる
mindset-7,q5,B,お金の流れがスッキリして管理しやすくなる
mindset-7,q5,C,税金を安くできる
mindset-7,q5,D,投資の利益が増える
mindset-7,q5,E,保険料が下がる
mindset-8,q1,A,100円
mindset-8,q1,B,500円
mindset-8,q1,C,1000円
mindset-8,q1,D,5000円
mindset-8,q1,E,1万円
mindset-8,q2,A,100円のお菓子が90円に下がる
mindset-8,q2,B,100円のお菓子が110円に上がる
mindset-8,q2,C,100円のお菓子が値段は同じで量が増える
mindset-8,q2,D,100円のお菓子が税金分だけ安くなる
mindset-8,q2,E,100円のお菓子が無料で配られる
mindset-8,q3,A,銀行が手数料を無料にしていたから
mindset-8,q3,B,預金金利が年8％あったから
mindset-8,q3,C,税金がかからなかったから
mindset-8,q3,D,物価が下がり続けていたから
mindset-8,q3,E,国から補助金が出ていたから
mindset-8,q4,A,お金を預かることと、税金を集めること
mindset-8,q4,B,お金を増やすことと、投資信託を販売すること
mindset-8,q4,C,お金を預かることと、お金を貸すこと
mindset-8,q4,D,お金を守ることと、株式を発行すること
mindset-8,q4,E,お金を分配することと、為替を操作すること
mindset-8,q5,A,銀行預金こそ最も効率的な資産形成方法である
mindset-8,q5,B,銀行に預けるのは危険なので避けるべきである
mindset-8,q5,C,銀行に任せるのは最適ではなく、自分でもお金を増やす術が必要である
mindset-8,q5,D,銀行預金をやめれば年金が増える
mindset-8,q5,E,銀行はもうすぐ金利を大幅に上げる予定である
mindset-9,q1,A,年収が高い人
mindset-9,q1,B,医師や社長など特定の職業に就いている人
mindset-9,q1,C,経済的な心配なく、理想の選択ができて時間の自由もある人
mindset-9,q1,D,預貯金が1億円以上ある人
mindset-9,q1,E,投資で大きな利益を出した人
mindset-9,q2,A,労働所得は不労収入、資産所得は給与収入
mindset-9,q2,B,労働所得は会社経営、資産所得はアルバイト収入
mindset-9,q2,C,労働所得は投資、不労所得は副業
mindset-9,q2,D,労働所得は自分の時間を使って得る収入、資産所得は資産や仕組みがお金を生み出す収入
mindset-9,q2,E,労働所得と資産所得は同じ意味である
mindset-9,q3,A,お金のために働く常識を守り続けること
mindset-9,q3,B,常に消費を優先すること
mindset-9,q3,C,貯金を生活費の全額に充てること
mindset-9,q3,D,お金の正しい知識を得ること
mindset-9,q3,E,ひたすら労働時間を増やすこと
mindset-9,q4,A,資産はほぼすべて国が保有している
mindset-9,q4,B,2割の人が2割の資産を持っている
mindset-9,q4,C,すべての人に資産が均等に分配されている
mindset-9,q4,D,8割の人が8割の資産を持っている
mindset-9,q4,E,選択肢5
mindset-9,q5,A,お金よりもまず仕事を最優先すべき
mindset-9,q5,B,お金はすべての問題を解決するので他は不要
mindset-9,q5,C,お金が全てではないが、幸福度に大きく関係するので先に攻略すること
mindset-9,q5,D,お金は幸福に関係しないので気にしなくてよい
mindset-9,q5,E,お金よりも人間関係だけを重視すべき
mindset-10,q1,A,お金を受け取る資格がなかったから
mindset-10,q1,B,正しい考え方や使い方を知らなかったから
mindset-10,q1,C,友人に騙されたから
mindset-10,q1,D,銀行口座を持っていなかったから
mindset-10,q1,E,：お金を持つことを拒否したから
mindset-10,q2,A,目的を持ってお金を使う
mindset-10,q2,B,自分の成長のために投資する
mindset-10,q2,C,ネガティブ思考や無計画な衝動買いが多い
mindset-10,q2,D,借金やローンをうまく活用する
mindset-10,q2,E,お金に可能性を感じている
mindset-10,q3,A,長期的な思考が多い
mindset-10,q3,B,生活費のために仕方なく働く
mindset-10,q3,C,お金を持つことを否定する
mindset-10,q3,D,短期的なご褒美を優先する
mindset-10,q3,E,常に効率だけを重視する
mindset-10,q4,A,卵が生まれたらすぐ食べる
mindset-10,q4,B,卵をひよこにして鶏になるまで待ち、その鶏が卵を産むのを待つ
mindset-10,q4,C,鶏を買って卵を食べる
mindset-10,q4,D,鶏を買わずに卵だけをもらう
mindset-10,q4,E,養鶏場を作って拡大する
mindset-10,q5,A,卵をすぐ食べてしまう
mindset-10,q5,B,鶏から卵を得るまで待つ
mindset-10,q5,C,卵をひよこにして鶏に育てる
mindset-10,q5,D,鶏を増やして養鶏場を作り仕組みを拡大する
mindset-10,q5,E,卵を持たずに他人に頼る
mindset-11,q1,A,投資
mindset-11,q1,B,消費
mindset-11,q1,C,浪費
mindset-11,q1,D,寄付
mindset-11,q1,E,生活費
mindset-11,q2,A,浪費は無駄なので必ず避けるべきである
mindset-11,q2,B,浪費はすべて悪いものと考えられる
mindset-11,q2,C,浪費は人生に彩りや楽しみをもたらす役割もある
mindset-11,q2,D,浪費は収入を増やす仕組みになる
mindset-11,q2,E,浪費はお金持ち脳にだけ必要である
mindset-11,q3,A,収入をすぐに支出に回す
mindset-11,q3,B,収入をまず負債の返済に使う
mindset-11,q3,C,収入をまず資産に変え、その利益で支出をまかなう
mindset-11,q3,D,収入を浪費に充てて楽しむ
mindset-11,q3,E,収入をすべて現金で保有する
mindset-11,q4,A,収入と支出の動き、および資産と負債の増減
mindset-11,q4,B,現金とカードの利用履歴
mindset-11,q4,C,貯金額と借金額
mindset-11,q4,D,日常支出と特別支出
mindset-11,q4,E,家計と企業の比較
mindset-11,q5,A,毎日収入を増やす方法を考える
mindset-11,q5,B,その日の支出を「投資・消費・浪費」に分けて振り返る
mindset-11,q5,C,すべての浪費を禁止する
mindset-11,q5,D,貯金を全額投資に回す
mindset-11,q5,E,支出を誰かに管理してもらう
mindset-12,q1,A,自分が働いて得る給与所得のこと
mindset-12,q1,B,自動的にお金が入ってくる仕組みのこと
mindset-12,q1,C,親からの仕送りのこと
mindset-12,q1,D,短期的に得られる副業収入のこと
mindset-12,q1,E,宝くじの当選金のこと
mindset-12,q2,A,貯める→増やす→使う→稼ぐ→守る
mindset-12,q2,B,稼ぐ→使う→貯める→守る→増やす
mindset-12,q2,C,稼ぐ→貯める→使う→守る→増やす
mindset-12,q2,D,使う→稼ぐ→増やす→貯める→守る
mindset-12,q2,E,守る→稼ぐ→貯める→増やす→使う
mindset-12,q3,A,稼ぐ力
mindset-12,q3,B,使う力
mindset-12,q3,C,貯める力
mindset-12,q3,D,守る力
mindset-12,q3,E,増やす力
mindset-12,q4,A,収入の全額を投資に回す
mindset-12,q4,B,収入の半分を貯金する
mindset-12,q4,C,収入の1/10を貯金する
mindset-12,q4,D,収入が増えるまで貯金はしない
mindset-12,q4,E,借金をしてでも投資をする
mindset-12,q5,A,お金のなる木が枯れる状態
mindset-12,q5,B,お金のために働く常識
mindset-12,q5,C,お金が自分のために働く常識
mindset-12,q5,D,資産を減らして生活する状態
mindset-12,q5,E,労働所得だけに依存する状態
finance_basics-1,q1,A,節約して交際費を削る習慣
finance_basics-1,q1,B,最新の金融ニュースを毎日確認する習慣
finance_basics-1,q1,C,先取り貯蓄の習慣
finance_basics-1,q1,D,一括投資をすぐに始める習慣
finance_basics-1,q1,E,借金をしてでも投資を増やす習慣
finance_basics-1,q2,A,仮想通貨
finance_basics-1,q2,B,投資信託
finance_basics-1,q2,C,FX（外国為替証拠金取引）
finance_basics-1,q2,D,先物取引
finance_basics-1,q2,E,個別株の短期売買
finance_basics-1,q3,A,積立に回せる金額、金融商品の質、積立年数
finance_basics-1,q3,B,投資信託の会社名、為替レート、世界情勢
finance_basics-1,q3,C,節約の度合い、貯金額、収入の増加
finance_basics-1,q3,D,投資家の人数、株式市場の規模、金利水準
finance_basics-1,q3,E,社会人経験年数、年齢、居住地
finance_basics-1,q4,A,5年以上
finance_basics-1,q4,B,10年以上
finance_basics-1,q4,C,15年以上
finance_basics-1,q4,D,20年以上
finance_basics-1,q4,E,25年以上
finance_basics-1,q5,A,インデックス投資
finance_basics-1,q5,B,ドルコスト平均法
finance_basics-1,q5,C,リバランス投資法
finance_basics-1,q5,D,逆張り投資
finance_basics-1,q5,E,成長株投資
finance_basics-2,q1,A,投資家が自分で直接株を売買する仕組み
finance_basics-2,q1,B,投資の専門家が分散投資を行い、その成果を投資家に分配する仕組み
finance_basics-2,q1,C,銀行が必ず利子を保証する仕組み
finance_basics-2,q1,D,国が管理して資金を運用する仕組み
finance_basics-2,q1,E,株式市場が自動的に配当を出す仕組み
finance_basics-2,q2,A,購入時手数料
finance_basics-2,q2,B,運用管理費用（信託報酬）
finance_basics-2,q2,C,信託財産留保額
finance_basics-2,q2,D,解約手数料
finance_basics-2,q2,E,口座管理料
finance_basics-2,q3,A,指数と同じ動きを目指すためコストが低い
finance_basics-2,q3,B,プロが銘柄を選んで積極的に運用する
finance_basics-2,q3,C,必ずインデックスを上回る成績を出す
finance_basics-2,q3,D,短期的な売買で利益を狙う
finance_basics-2,q3,E,国が保証してくれる
finance_basics-2,q4,A,指数に連動して運用する
finance_basics-2,q4,B,必ず損失が出ないように運用する
finance_basics-2,q4,C,専門家が分析して有望な銘柄を組み入れる
finance_basics-2,q4,D,短期的に取引せず長期に放置する
finance_basics-2,q4,E,国が運用成果を保証する
finance_basics-2,q5,A,単純な利益額の大きさを測る指標
finance_basics-2,q5,B,ファンドマネージャーの人気度を測る指標
finance_basics-2,q5,C,リターンを得るために取ったリスクを評価する指標
finance_basics-2,q5,D,資産の流動性を測る指標
finance_basics-2,q5,E,投資家の人数を表す指標
finance_basics-3,q1,A,円の価値が下がり、輸入品が高くなる状態
finance_basics-3,q1,B,円の価値が上がり、同じ外貨をより少ない円で買える状態
finance_basics-3,q1,C,外貨の価値が下がり、円が無価値になる状態
finance_basics-3,q1,D,円の供給量が減り、使えなくなる状態
finance_basics-3,q1,E,外国が円を買わなくなる状態
finance_basics-3,q2,A,TTR
finance_basics-3,q2,B,TTM
finance_basics-3,q2,C,TTS
finance_basics-3,q2,D,TTB
finance_basics-3,q2,E,FX
finance_basics-3,q3,A,為替手数料が高くなること
finance_basics-3,q3,B,為替の変動によって利益や損失が発生する可能性
finance_basics-3,q3,C,為替市場に参加できないこと
finance_basics-3,q3,D,為替取引が禁止されること
finance_basics-3,q3,E,為替証拠金が不足すること
finance_basics-3,q4,A,毎月の支払額が為替変動で変わる可能性がある
finance_basics-3,q4,B,為替レートが常に固定されている
finance_basics-3,q4,C,支払いは必ず円建てで一定額になる
finance_basics-3,q4,D,外貨建てでは手数料がかからない
finance_basics-3,q4,E,為替リスクは全く存在しない
finance_basics-3,q5,A,円だけで資産を持つ
finance_basics-3,q5,B,ドルだけで資産を持つ
finance_basics-3,q5,C,通貨を分散して資産を持つ
finance_basics-3,q5,D,外貨建て商品の契約を避ける
finance_basics-3,q5,E,短期的な為替差益を狙う
finance_basics-4,q1,A,モノやサービスの値段が下がること
finance_basics-4,q1,B,モノやサービスの値段が上がること
finance_basics-4,q1,C,円の価値が必ず上がること
finance_basics-4,q1,D,景気が悪化して失業率が増えること
finance_basics-4,q1,E,税金が増えること
finance_basics-4,q2,A,2％
finance_basics-4,q2,B,5％
finance_basics-4,q2,C,10％
finance_basics-4,q2,D,15％
finance_basics-4,q2,E,20％
finance_basics-4,q3,A,デマンドプル型インフレ
finance_basics-4,q3,B,コストプッシュ型インフレ
finance_basics-4,q3,C,ハイパーインフレ
finance_basics-4,q3,D,デフレ
finance_basics-4,q3,E,スタグフレーション
finance_basics-4,q4,A,輸入品が安くなる
finance_basics-4,q4,B,輸入品が高くなる
finance_basics-4,q4,C,輸出品の価格が必ず下がる
finance_basics-4,q4,D,国内の物価が下がる
finance_basics-4,q4,E,円の価値が上がる
finance_basics-4,q5,A,2000万円あれば必ず安心できる
finance_basics-4,q5,B,2000万円ではなく3000万円必要になる
finance_basics-4,q5,C,2000万円分の価値を将来に準備することが大切である
finance_basics-4,q5,D,2000万円はインフレの影響を受けない
finance_basics-4,q5,E,2000万円は国が保証してくれる
nisa-1,q1,A,国が用意した少額投資のための非課税制度
nisa-1,q1,B,銀行が保証する定期預金制度
nisa-1,q1,C,投資で必ず利益が出る仕組み
nisa-1,q1,D,企業が従業員に配布する株式制度
nisa-1,q1,E,株式市場の取引ルール
nisa-1,q2,A,120万円
nisa-1,q2,B,240万円
nisa-1,q2,C,360万円
nisa-1,q2,D,600万円
nisa-1,q2,E,1800万円
nisa-1,q3,A,積立投資と成長投資
nisa-1,q3,B,積立投資とジュニアNISA
nisa-1,q3,C,一般NISAとジュニアNISA
nisa-1,q3,D,株式投資と定期預金
nisa-1,q3,E,外貨預金と投資信託
nisa-1,q4,A,短期的な結果を優先すること
nisa-1,q4,B,人気の商品を真似して買うこと
nisa-1,q4,C,自分に合った投資スタイルを選ぶこと
nisa-1,q4,D,手数料が安い商品だけを買うこと
nisa-1,q4,E,必ず株式だけを選ぶこと
nisa-1,q5,A,国が自動的に選んでくれる
nisa-1,q5,B,銀行が必ず選んでくれる
nisa-1,q5,C,自分で投資信託や株式を選ぶ
nisa-1,q5,D,証券会社が必ず推奨してくれる
nisa-1,q5,E,人気ランキングで自動的に決まる
nisa-2,q1,A,一般NISAと積立NISA
nisa-2,q1,B,積立NISAと成長投資枠
nisa-2,q1,C,成長投資枠とジュニアNISA
nisa-2,q1,D,つみたてNISAとiDeCo
nisa-2,q1,E,NISAと401k
nisa-2,q2,A,積立投資枠と成長投資枠
nisa-2,q2,B,一般NISAと積立NISA
nisa-2,q2,C,積立NISAとジュニアNISA
nisa-2,q2,D,株式枠と定期預金枠
nisa-2,q2,E,外貨枠と不動産枠
nisa-2,q3,A,日本株中心で構成されている
nisa-2,q3,B,債券やREITが多く含まれている
nisa-2,q3,C,中身の多くが米国株式で構成されている
nisa-2,q3,D,為替リスクが存在しない
nisa-2,q3,E,必ず分散投資になっている
nisa-2,q4,A,安い商品は必ず元本割れするから
nisa-2,q4,B,利回りが低ければ長期的に資産が増えにくいから
nisa-2,q4,C,非課税効果がなくなるから
nisa-2,q4,D,投資信託を選べなくなるから
nisa-2,q4,E,証券会社の口座開設ができなくなるから
nisa-2,q5,A,人気の株式ファンドを複数保有すれば十分である
nisa-2,q5,B,米国株インデックスを3本に分ければ分散になる
nisa-2,q5,C,円建て資産だけに絞れば為替リスクがなく最適である
nisa-2,q5,D,株式だけでなく債券・現金・REITなど異なる資産にも広げる
nisa-2,q5,E,個別株に集中した方が長期では有利である
nisa-3,q1,A,非課税口座開設者死亡届
nisa-3,q1,B,休眠資産移管届
nisa-3,q1,C,財産分与届
nisa-3,q1,D,破産手続開始通知
nisa-3,q1,E,配偶者控除申請書
nisa-3,q2,A,相続人のNISA口座に移せる
nisa-3,q2,B,国がすべて回収する
nisa-3,q2,C,相続人の特定口座や一般口座に移管される
nisa-3,q2,D,売却せずに非課税で保有できる
nisa-3,q2,E,自動的に現金化される
nisa-3,q3,A,現物分割
nisa-3,q3,B,代償分割
nisa-3,q3,C,換価分割
nisa-3,q3,D,贈与分割
nisa-3,q3,E,相続分割
nisa-3,q4,A,現物分割
nisa-3,q4,B,代償分割
nisa-3,q4,C,換価分割
nisa-3,q4,D,譲渡分割
nisa-3,q4,E,交換分割
nisa-3,q5,A,非課税なので守られる
nisa-3,q5,B,国に没収される
nisa-3,q5,C,差し押さえの対象となり、売却して返済に充てられる
nisa-3,q5,D,自動的に家族に移管される
nisa-3,q5,E,永久に口座に残される
ideco-1,q1,A,国民年金や厚生年金に代わる公的年金制度
ideco-1,q1,B,国民年金や厚生年金に上乗せできる私的年金制度
ideco-1,q1,C,必ず元本保証される貯金制度
ideco-1,q1,D,60歳未満でも自由に引き出せる制度
ideco-1,q1,E,外国人のみが利用できる制度
ideco-1,q2,A,掛け金が全額所得控除になり、節税につながる
ideco-1,q2,B,必ず年利5％で運用できる
ideco-1,q2,C,途中で自由に引き出せる
ideco-1,q2,D,掛け金を使って住宅ローンを返済できる
ideco-1,q2,E,受け取り時に必ず非課税になる
ideco-1,q3,A,途中で自由に解約できる
ideco-1,q3,B,最低でも60歳になるまで取り崩せない
ideco-1,q3,C,運用益は必ず課税される
ideco-1,q3,D,元本割れのリスクは全くない
ideco-1,q3,E,受け取り時に税金がかからない
ideco-1,q4,A,国の制度なので損失は発生しない
ideco-1,q4,B,必ず元本が保証される
ideco-1,q4,C,物価上昇に追いつけないリスクや元本割れの可能性がある
ideco-1,q4,D,利回りは必ず年10％になる
ideco-1,q4,E,株式しか選べない
ideco-1,q5,A,必ず非課税で受け取れる
ideco-1,q5,B,退職金や公的年金と控除枠が共通である
ideco-1,q5,C,退職金とは完全に別枠で控除がある
ideco-1,q5,D,現金一括受け取りしかできない
ideco-1,q5,E,70歳未満では受け取れない
ideco-2,q1,A,掛け金上限が低いため節税効果は小さい
ideco-2,q1,B,厚生年金に上乗せできるため節税効果はない
ideco-2,q1,C,掛け金上限が高く、所得控除を多く受けられる
ideco-2,q1,D,掛け金は所得控除にならない
ideco-2,q1,E,受け取り時に必ず税金がかかる
ideco-2,q2,A,いつでも引き出せるため流動性が高すぎる
ideco-2,q2,B,60歳まで引き出せず、流動性に欠ける
ideco-2,q2,C,元本保証がなく必ず損をする
ideco-2,q2,D,掛け金が所得控除にならない
ideco-2,q2,E,退職金と控除枠が重なる
ideco-2,q3,A,老後の備えとして十分に意味がある
ideco-2,q3,B,所得控除が大きいので節税効果が絶大である
ideco-2,q3,C,厚生年金があるため不要である
ideco-2,q3,D,受け取り時に必ず課税されるため不利である
ideco-2,q3,E,投資できる商品が限られているため不向きである
ideco-2,q4,A,課税所得がないため掛け金の所得控除が使えない
ideco-2,q4,B,受け取り時に必ず税金が重くなる
ideco-2,q4,C,元本保証が義務づけられている
ideco-2,q4,D,会社が必ず掛け金を出してくれる
ideco-2,q4,E,退職金が増える仕組みになっている
ideco-2,q5,A,元本保証の有無
ideco-2,q5,B,口座管理手数料などのコスト負担
ideco-2,q5,C,必ず株式を買わなければならないか
ideco-2,q5,D,退職金と控除枠の兼ね合い
ideco-2,q5,E,受け取り時に課税される通貨
social_security-1,q1,A,食費などの変動費
social_security-1,q1,B,交際費
social_security-1,q1,C,固定費
social_security-1,q1,D,臨時出費
social_security-1,q1,E,嗜好品への支出
social_security-1,q2,A,約60%
social_security-1,q2,B,70%未満
social_security-1,q2,C,80%以上
social_security-1,q2,D,90%以上
social_security-1,q2,E,50%程度
social_security-1,q3,A,360万円
social_security-1,q3,B,480万円
social_security-1,q3,C,600万円
social_security-1,q3,D,720万円
social_security-1,q3,E,900万円
social_security-1,q4,A,保障だけに特化している
social_security-1,q4,B,投資・貯蓄・保障が一体化している
social_security-1,q4,C,掛け捨て型でシンプルな仕組み
social_security-1,q4,D,公的保険のみを利用している
social_security-1,q4,E,短期契約のみを扱っている
social_security-1,q5,A,保険料が年々安くなるから
social_security-1,q5,B,国の保険制度をよく知らないから
social_security-1,q5,C,すべての病気を100%保障するから
social_security-1,q5,D,海外保険と比較して優れているから
social_security-1,q5,E,SNSで人気があるから
social_security-2,q1,A,保険料と税金
social_security-2,q1,B,寄付金と積立金
social_security-2,q1,C,保険料のみ
social_security-2,q1,D,税金のみ
social_security-2,q1,E,企業からの拠出金のみ
social_security-2,q2,A,完全自助の仕組み
social_security-2,q2,B,国家がすべて負担する仕組み
social_security-2,q2,C,相互扶助の仕組み
social_security-2,q2,D,個人投資による仕組み
social_security-2,q2,E,企業のみが負担する仕組み
social_security-2,q3,A,社会保険
social_security-2,q3,B,社会福祉
social_security-2,q3,C,公的扶助
social_security-2,q3,D,保健医療・公衆衛生
social_security-2,q3,E,個人年金制度
social_security-2,q4,A,医療保険・年金保険・介護保険・雇用保険・労災保険
social_security-2,q4,B,医療保険・厚生年金・積立年金・失業保険・介護保険
social_security-2,q4,C,健康保険・国民年金・個人年金・雇用保険・労災保険
social_security-2,q4,D,医療保険・年金保険・貯蓄保険・雇用保険・労災保険
social_security-2,q4,E,年金保険・失業保険・介護保険・障害保険・医療保険
social_security-2,q5,A,医療保険
social_security-2,q5,B,年金保険
social_security-2,q5,C,介護保険
social_security-2,q5,D,雇用保険
social_security-2,q5,E,国民健康保険
social_security-3,q1,A,国民健康保険
social_security-3,q1,B,共済組合
social_security-3,q1,C,健康保険
social_security-3,q1,D,後期高齢者医療制度
social_security-3,q1,E,船員保険
social_security-3,q2,A,給与額のみで決まる
social_security-3,q2,B,前年所得や世帯構成などで決まる
social_security-3,q2,C,確定申告には関係しない
social_security-3,q2,D,国から一律で決まる
social_security-3,q2,E,会社と折半で決まる
social_security-3,q3,A,自動的に国民健康保険へ移行する
social_security-3,q3,B,会社に届け出ればすぐ切り替わる
social_security-3,q3,C,会社からの証明書を持って区役所で手続きする
social_security-3,q3,D,市役所から通知が来るのを待つ
social_security-3,q3,E,年金事務所に申し込む
social_security-3,q4,A,特定継続制度
social_security-3,q4,B,任意継続被保険者制度
social_security-3,q4,C,延長加入制度
social_security-3,q4,D,国保再加入制度
social_security-3,q4,E,高齢者継続制度
social_security-3,q5,A,前期高齢者医療制度
social_security-3,q5,B,共済組合
social_security-3,q5,C,後期高齢者医療制度
social_security-3,q5,D,国民健康保険
social_security-3,q5,E,介護保険
social_security-4,q1,A,保険料は労働者が全額負担する
social_security-4,q1,B,業務外のけがも対象になる
social_security-4,q1,C,保険料は全額事業主が負担する
social_security-4,q1,D,自営業者のみが加入できる
social_security-4,q1,E,年金と一体で運営される
social_security-4,q2,A,離職前1年間に1か月以上加入
social_security-4,q2,B,離職前2年間に12か月以上加入
social_security-4,q2,C,離職前3年間に24か月以上加入
social_security-4,q2,D,離職前6か月に3か月以上加入
social_security-4,q2,E,加入期間は問わない
social_security-4,q3,A,10％
social_security-4,q3,B,15％
social_security-4,q3,C,20％
social_security-4,q3,D,25％
social_security-4,q3,E,30％
social_security-4,q4,A,第1号：60歳以上、第2号：40歳～59歳
social_security-4,q4,B,第1号：65歳以上、第2号：40歳～64歳
social_security-4,q4,C,第1号：70歳以上、第2号：50歳～69歳
social_security-4,q4,D,第1号：75歳以上、第2号：60歳～74歳
social_security-4,q4,E,第1号：65歳以上、第2号：20歳～39歳
social_security-4,q5,A,対象家族1人につき通算93日まで受給できる
social_security-4,q5,B,対象家族がいれば無制限に受給できる
social_security-4,q5,C,介護が終わるまで無期限に給付される
social_security-4,q5,D,兄弟姉妹は対象外で給付を受けられない
social_security-4,q5,E,退職しなければ受給できない
economics-1,q1,A,株価の変動
economics-1,q1,B,お金の融通（貸し借り）
economics-1,q1,C,国の財政赤字
economics-1,q1,D,為替の取引
economics-1,q1,E,銀行の利益
economics-1,q2,A,上昇しやすい
economics-1,q2,B,変動しない
economics-1,q2,C,下がりやすい
economics-1,q2,D,急騰する
economics-1,q2,E,海外金利に連動する
economics-1,q3,A,財政拡大政策
economics-1,q3,B,為替介入政策
economics-1,q3,C,金融緩和政策
economics-1,q3,D,金融引き締め政策
economics-1,q3,E,金利自由化政策
economics-1,q4,A,市中銀行の住宅ローン金利をマイナスにする
economics-1,q4,B,金融機関の日本銀行当座預金の一部に -0.1％を適用する
economics-1,q4,C,国債の利回りを強制的にマイナスにする
economics-1,q4,D,企業の社債発行を無利子にする
economics-1,q4,E,個人預金に課税する制度
economics-1,q5,A,0％
economics-1,q5,B,0.1％
economics-1,q5,C,0.25％
economics-1,q5,D,0.5％
economics-1,q5,E,1.0％
economics-2,q1,A,国の借金の総額
economics-2,q1,B,国内の人口数
economics-2,q1,C,一定期間に国内で生み出された付加価値の総額
economics-2,q1,D,輸出入の差額
economics-2,q1,E,企業の売上高の合計
economics-2,q2,A,名目GDP
economics-2,q2,B,実質GDP
economics-2,q2,C,潜在GDP
economics-2,q2,D,国内純生産
economics-2,q2,E,可処分GDP
economics-2,q3,A,倒産件数
economics-2,q3,B,家計支出
economics-2,q3,C,新規求人数
economics-2,q3,D,雇用者数
economics-2,q3,E,消費者物価指数
economics-2,q4,A,景気全体の大きさ
economics-2,q4,B,どの業界が利益を出しているか
economics-2,q4,C,上昇している項目の割合
economics-2,q4,D,消費者の購買意欲
economics-2,q4,E,物価の上昇率
economics-2,q5,A,マネーストック統計と日銀短観
economics-2,q5,B,消費者物価指数と企業物価指数
economics-2,q5,C,GDPと経済成長率
economics-2,q5,D,一致指数と遅行指数
economics-2,q5,E,為替相場と金利
economics-3,q1,A,民間企業と直接取引する
economics-3,q1,B,政治から独立して金融政策を行う
economics-3,q1,C,個人向けに口座を開設できる
economics-3,q1,D,外国為替を直接決定する機関である
economics-3,q1,E,銀行業務と証券業務を兼営する
economics-3,q2,A,国債を売買して市場の資金を調整すること
economics-3,q2,B,銀行が日銀に預けるべき準備金の比率を調整すること
economics-3,q2,C,為替介入で円安を抑えること
economics-3,q2,D,銀行の貸出金利を直接設定すること
economics-3,q2,E,国民の預金額を制限すること
economics-3,q3,A,売りオペ
economics-3,q3,B,買いオペ
economics-3,q3,C,利上げ
economics-3,q3,D,為替介入
economics-3,q3,E,金融引き締め
economics-3,q4,A,約2.5兆円
economics-3,q4,B,約9兆円
economics-3,q4,C,約12兆円
economics-3,q4,D,約24.5兆円
economics-3,q4,E,約50兆円
economics-3,q5,A,資金が供給され金利が下がる
economics-3,q5,B,資金が吸収され金利が上がる
economics-3,q5,C,円安が進みやすくなる
economics-3,q5,D,株価が必ず上昇する
economics-3,q5,E,物価が下がりにくくなる
economics-4,q1,A,固定金利は経済状況に応じて変動する
economics-4,q1,B,変動金利は契約期間中ずっと一定である
economics-4,q1,C,固定金利は契約期間中ずっと一定である
economics-4,q1,D,変動金利は将来必ず低下する
economics-4,q1,E,どちらも常に同じ金利が適用される
economics-4,q2,A,複数の金融業者に資産を預けること
economics-4,q2,B,資産全体の安全性を確認すること
economics-4,q2,C,どの資産にどれだけ配分するかを決める戦略
economics-4,q2,D,金融商品のライセンスを比較すること
economics-4,q2,E,資産をすべて現金化すること
economics-4,q3,A,投資者保護基金
economics-4,q3,B,保険契約者保護機構
economics-4,q3,C,ペイオフ制度（預金保険制度）
economics-4,q3,D,分別管理制度
economics-4,q3,E,金融商品取引業法
economics-4,q4,A,分別管理制度
economics-4,q4,B,投資者保護基金
economics-4,q4,C,預金保険制度
economics-4,q4,D,保険契約者保護機構
economics-4,q4,E,金融緩和政策
economics-4,q5,A,投資者保護基金で全額補償
economics-4,q5,B,預金保険制度で90％補償
economics-4,q5,C,保険契約者保護機構で90％補償
economics-4,q5,D,分別管理制度で全額補償
economics-4,q5,E,政府保証で100％補償
asset_formation-1,q1,A,資産形成は運用後の税金対策、資産運用は貯金を指す
asset_formation-1,q1,B,資産形成はゼロから貯める段階、資産運用は貯めたお金を増やす段階
asset_formation-1,q1,C,資産形成は借金を活用、資産運用は収入を減らす行為
asset_formation-1,q1,D,資産形成は不動産投資のみ、資産運用は株式投資のみ
asset_formation-1,q1,E,資産形成と資産運用は同じ意味
asset_formation-1,q2,A,金融資産を一切持たずに生活すること
asset_formation-1,q2,B,Financial Independent Retire Early（経済的自立と早期リタイア）
asset_formation-1,q2,C,Fast Investment Return Expectation（高速投資回収）
asset_formation-1,q2,D,Future Income Retirement Equity（未来収入での退職資金）
asset_formation-1,q2,E,Free Investment Risk Elimination（投資リスクの排除）
asset_formation-1,q3,A,卵をすぐに食べてしまう
asset_formation-1,q3,B,鶏を育てて養鶏場を作る
asset_formation-1,q3,C,一度に大金を投資する
asset_formation-1,q3,D,借金をして投資を加速させる
asset_formation-1,q3,E,短期間で大きな利益を狙う
asset_formation-1,q4,A,FX（外国為替証拠金取引）
asset_formation-1,q4,B,先物取引
asset_formation-1,q4,C,iDeCoや新NISA
asset_formation-1,q4,D,仮想通貨の短期売買
asset_formation-1,q4,E,不動産投資
asset_formation-1,q5,A,借入や倍がけを使い手元資金以上を投資できる
asset_formation-1,q5,B,元本保証でリスクが低い
asset_formation-1,q5,C,主に積立型の商品で構成される
asset_formation-1,q5,D,短期間で確実に利益が得られる
asset_formation-1,q5,E,初心者向けで安全性が高い
asset_formation-2,q1,A,元本と利息の合計に利息がつく
asset_formation-2,q1,B,元本のみに利息がつく
asset_formation-2,q1,C,毎年利率が変動する
asset_formation-2,q1,D,借入金でのみ利用される仕組み
asset_formation-2,q1,E,時間が経つほど加速度的に増える
asset_formation-2,q2,A,400万円
asset_formation-2,q2,B,600万円
asset_formation-2,q2,C,1000万円
asset_formation-2,q2,D,1750万円
asset_formation-2,q2,E,3000万円
asset_formation-2,q3,A,複利
asset_formation-2,q3,B,単利
asset_formation-2,q3,C,レバレッジ投資
asset_formation-2,q3,D,積み立て投資
asset_formation-2,q3,E,不動産投資
asset_formation-2,q4,A,積立投資
asset_formation-2,q4,B,住宅ローンの元利均等返済
asset_formation-2,q4,C,リボ払い
asset_formation-2,q4,D,国債の利払い
asset_formation-2,q4,E,定期預金
asset_formation-2,q5,A,短期で大きな利益を狙う場合
asset_formation-2,q5,B,借金をすぐ返済する場合
asset_formation-2,q5,C,投資期間が長期になる場合
asset_formation-2,q5,D,元本が増えない場合
asset_formation-2,q5,E,金利がゼロの場合
asset_formation-3,q1,A,必ず損をすること
asset_formation-3,q1,B,危険そのもの
asset_formation-3,q1,C,結果がどうなるか分からない不確実性
asset_formation-3,q1,D,失敗する確率のこと
asset_formation-3,q1,E,投資で負けること
asset_formation-3,q2,A,価格が下がったときだけ一括購入する
asset_formation-3,q2,B,一定の株数を毎月買う
asset_formation-3,q2,C,価格の上下に関係なく一定金額を定期的に投資する
asset_formation-3,q2,D,高値で売り安値で買うタイミングを狙う
asset_formation-3,q2,E,ボーナス時だけ投資する
asset_formation-3,q3,A,"10,000円"
asset_formation-3,q3,B,"7,500円"
asset_formation-3,q3,C,"5,000円"
asset_formation-3,q3,D,"4,285円"
asset_formation-3,q3,E,"2,500円"
asset_formation-3,q4,A,短期売買
asset_formation-3,q4,B,デイトレード
asset_formation-3,q4,C,長期投資
asset_formation-3,q4,D,信用取引
asset_formation-3,q4,E,レバレッジ取引
asset_formation-3,q5,A,タイミングを完璧に予測すれば必ず勝てる
asset_formation-3,q5,B,一括投資の方が初心者には安全
asset_formation-3,q5,C,ドルコスト平均法でコツコツ積み立てる方が優れた結果になる
asset_formation-3,q5,D,高値の時に売却するだけでよい
asset_formation-3,q5,E,短期的に集中投資すべき
pension1-1,q1,A,国民年金と企業年金
pension1-1,q1,B,公的年金と私的年金
pension1-1,q1,C,厚生年金と国民年金
pension1-1,q1,D,老齢年金と障害年金
pension1-1,q1,E,国内年金と海外年金
pension1-1,q2,A,自営業者
pension1-1,q2,B,学生
pension1-1,q2,C,会社員や公務員
pension1-1,q2,D,第2号被保険者に扶養されている配偶者
pension1-1,q2,E,生活保護受給者
pension1-1,q3,A,満額の100％支給
pension1-1,q3,B,80％支給
pension1-1,q3,C,70％支給
pension1-1,q3,D,60％支給
pension1-1,q3,E,50％支給
pension1-1,q4,A,親の年収が基準になる
pension1-1,q4,B,本人の年収が128万円以下なら申請可能
pension1-1,q4,C,全員が自動的に免除される
pension1-1,q4,D,50歳以上の学生だけ対象
pension1-1,q4,E,厚生年金に自動加入できる
pension1-1,q5,A,約50万円
pension1-1,q5,B,約70万円
pension1-1,q5,C,約83万円
pension1-1,q5,D,約100万円
pension1-1,q5,E,約120万円
pension1-2,q1,A,65歳以上で受給資格期間が5年以上ある
pension1-2,q1,B,60歳以上で受給資格期間が20年以上ある
pension1-2,q1,C,65歳以上で受給資格期間が10年以上ある
pension1-2,q1,D,70歳以上で受給資格期間が30年以上ある
pension1-2,q1,E,60歳以上で受給資格期間が40年以上ある
pension1-2,q2,A,月400円を納めると将来200円が上乗せされる
pension1-2,q2,B,月200円を納めると将来400円が上乗せされる
pension1-2,q2,C,第2号被保険者のみが利用できる
pension1-2,q2,D,保険料を払わなくても自動的に加算される
pension1-2,q2,E,40歳以上でないと利用できない
pension1-2,q3,A,昭和50年以前生まれであること
pension1-2,q3,B,65歳以上であること
pension1-2,q3,C,厚生年金に10年以上加入していること
pension1-2,q3,D,生年月日が一定基準以前であること
pension1-2,q3,E,自営業者であること
pension1-2,q4,A,自営業者のみが受け取れる
pension1-2,q4,B,厚生年金加入10年以上で対象になる
pension1-2,q4,C,厚生年金加入20年以上で扶養家族がいれば加算される
pension1-2,q4,D,65歳以上のすべての人に自動的に支給される
pension1-2,q4,E,遺族年金と同じ仕組みである
pension1-2,q5,A,0.2％
pension1-2,q5,B,0.3％
pension1-2,q5,C,0.4％
pension1-2,q5,D,0.5％
pension1-2,q5,E,0.7％
pension1-3,q1,A,初診日に厚生年金に加入していること
pension1-3,q1,B,障害等級が1級〜3級であること
pension1-3,q1,C,初診日に国民年金の被保険者であること
pension1-3,q1,D,必ず20年以上の納付期間があること
pension1-3,q1,E,65歳以上であること
pension1-3,q2,A,病名によって一律に決まる
pension1-3,q2,B,医師の裁量のみで決まる
pension1-3,q2,C,生活の支障度や介助の必要性で決まる
pension1-3,q2,D,収入の多寡で決まる
pension1-3,q2,E,年齢によって自動的に決まる
pension1-3,q3,A,1級：約120万円、2級：約100万円
pension1-3,q3,B,1級：約104万円、2級：約83万2000円
pension1-3,q3,C,1級：約83万2000円、2級：約62万円
pension1-3,q3,D,1級：約90万円、2級：約75万円
pension1-3,q3,E,1級：約150万円、2級：約120万円
pension1-3,q4,A,障害等級が1級〜3級なら必ず加算される
pension1-3,q4,B,障害等級が2級で60歳以上なら加算される
pension1-3,q4,C,障害等級が1級または2級で65歳未満の配偶者がいる場合
pension1-3,q4,D,障害等級が1級で子どもがいなくても加算される
pension1-3,q4,E,自営業者が加入していれば自動的に加算される
pension1-3,q5,A,約30万円
pension1-3,q5,B,約50万円
pension1-3,q5,C,約62万2000円
pension1-3,q5,D,約83万2000円
pension1-3,q5,E,約100万円
pension1-4,q1,A,死亡した人の友人
pension1-4,q1,B,死亡した人の兄弟姉妹
pension1-4,q1,C,子のある配偶者または18歳未満の子
pension1-4,q1,D,死亡した人の会社の上司
pension1-4,q1,E,60歳以上の全ての配偶者
pension1-4,q2,A,婚姻期間が5年以上の妻に支給される
pension1-4,q2,B,夫が老齢基礎年金を受給していた場合に支給される
pension1-4,q2,C,10年以上婚姻し、夫が10年以上保険料を納めていた場合に支給される
pension1-4,q2,D,夫が厚生年金に加入していた場合に支給される
pension1-4,q2,E,子どもがいる場合のみ支給される
pension1-4,q3,A,厚生年金加入者が亡くなった場合
pension1-4,q3,B,国民年金保険料を36ヶ月以上納め、老齢・障害基礎年金を受け取らずに亡くなった場合
pension1-4,q3,C,老齢基礎年金を受け取っていた人が亡くなった場合
pension1-4,q3,D,子のある配偶者が亡くなった場合
pension1-4,q3,E,遺族基礎年金を受けている遺族がいる場合
pension1-4,q4,A,妻が30歳未満の場合は5年間、30歳以上は生涯受給できる
pension1-4,q4,B,子がいなければ受給できない
pension1-4,q4,C,夫は受給できない
pension1-4,q4,D,必ず60歳から受給開始される
pension1-4,q4,E,報酬比例年金額の全額が支給される
pension1-4,q5,A,雑所得として課税対象
pension1-4,q5,B,一時所得として課税対象
pension1-4,q5,C,非課税扱い
pension1-4,q5,D,給与所得と合算して課税対象
pension1-4,q5,E,住民税のみ課税対象
pension2-1,q1,A,公的年金の一部
pension2-1,q1,B,個人が任意で加入する2階部分
pension2-1,q1,C,年金の3階部分にあたる私的年金
pension2-1,q1,D,国の老齢基礎年金の代替制度
pension2-1,q1,E,全ての国民が必ず加入する制度
pension2-1,q2,A,将来の受取額が運用次第で変動する
pension2-1,q2,B,掛金を従業員が自由に決められる
pension2-1,q2,C,将来の受取額があらかじめ決まっている
pension2-1,q2,D,60歳未満でも自由に引き出せる
pension2-1,q2,E,国の年金制度と同じ仕組みである
pension2-1,q3,A,55歳から可能
pension2-1,q3,B,60歳以降に受給可能
pension2-1,q3,C,65歳からのみ受給可能
pension2-1,q3,D,70歳からのみ受給可能
pension2-1,q3,E,75歳以降でなければ受給できない
pension2-1,q4,A,従業員の掛金が企業の掛金を超えてよい
pension2-1,q4,B,企業と従業員の合計額に制限はない
pension2-1,q4,C,従業員の掛金は企業の掛金を超えてはいけない
pension2-1,q4,D,企業の掛金がゼロでも従業員は拠出できる
pension2-1,q4,E,従業員の掛金は一律で上限1万円
pension2-1,q5,A,企業型DCとiDeCoを同時加入できるようになった
pension2-1,q5,B,企業型DCの加入年齢が60歳に制限された
pension2-1,q5,C,運用益が課税対象となった
pension2-1,q5,D,受給開始年齢が55歳に引き下げられた
pension2-1,q5,E,企業の同意なしに退職金を受け取れるようになった
pension2-2,q1,A,20歳以上65歳未満の自営業者・会社員・公務員・専業主婦など
pension2-2,q1,B,65歳以上のすべての人
pension2-2,q1,C,海外に住んでいる日本人
pension2-2,q1,D,農業者年金に加入している人
pension2-2,q1,E,国民年金保険料を納めていない人
pension2-2,q2,A,株式型と債券型
pension2-2,q2,B,元本確保型と元本変動型
pension2-2,q2,C,国内型と海外型
pension2-2,q2,D,パッシブ型とアクティブ型のみ
pension2-2,q2,E,退職型と貯蓄型
pension2-2,q3,A,市場平均を上回る成果を狙う
pension2-2,q3,B,必ず利益が出る
pension2-2,q3,C,日経平均やTOPIXなどの指標に連動する運用を目指す
pension2-2,q3,D,短期での売買に適している
pension2-2,q3,E,元本保証がある
pension2-2,q4,A,掛け金の額を増減すること
pension2-2,q4,B,金融機関を変更すること
pension2-2,q4,C,買い付ける商品の割合を変更すること
pension2-2,q4,D,積み立てた資産を売却して別の商品を購入すること
pension2-2,q4,E,受給開始年齢を変更すること
pension2-2,q5,A,自動的に次の勤務先へ引き継がれる
pension2-2,q5,B,年金の受給額が増える
pension2-2,q5,C,自動的に一時金として受け取れる
pension2-2,q5,D,国民年金基金連合会に自動移管され高額手数料が発生する
pension2-2,q5,E,税制優遇が強化される
financial_products-1,q1,A,株価が上がれば売却益を得られる
financial_products-1,q1,B,元本保証がある
financial_products-1,q1,C,必ず年4回配当を受け取れる
financial_products-1,q1,D,損失が出ても国が補填してくれる
financial_products-1,q1,E,100株未満では購入できない
financial_products-1,q2,A,指定した値段で売買する方法
financial_products-1,q2,B,値段を指定せず市場の動きに任せる方法
financial_products-1,q2,C,最低購入単位を変更する方法
financial_products-1,q2,D,配当金の受け取り方を選ぶ方法
financial_products-1,q2,E,長期保有株を自動売却する方法
financial_products-1,q3,A,東証一部の全銘柄
financial_products-1,q3,B,米国主要500社
financial_products-1,q3,C,ナスダック市場の全銘柄
financial_products-1,q3,D,東証一部の代表的な225銘柄
financial_products-1,q3,E,金融業を除くナスダック上位100社
financial_products-1,q4,A,5倍未満で割安、5倍以上で割高
financial_products-1,q4,B,10倍未満で割高、10倍以上で割安
financial_products-1,q4,C,15倍未満で割安、15倍以上で割高
financial_products-1,q4,D,20倍未満で割高、20倍以上で割安
financial_products-1,q4,E,30倍未満で割安、30倍以上で割高
financial_products-1,q5,A,2〜3％
financial_products-1,q5,B,5％前後
financial_products-1,q5,C,8〜10％以上
financial_products-1,q5,D,20〜30％
financial_products-1,q5,E,50％以上
financial_products-2,q1,A,企業に出資して配当を得る仕組み
financial_products-2,q1,B,国や企業にお金を貸す「借用証書」のようなもの
financial_products-2,q1,C,必ず元本保証がされる金融商品
financial_products-2,q1,D,株式と同じく議決権が得られる
financial_products-2,q1,E,保険商品の一種である
financial_products-2,q2,A,価格が上がると利回りも上がる
financial_products-2,q2,B,価格が下がると利回りも下がる
financial_products-2,q2,C,価格が上がると利回りは下がる
financial_products-2,q2,D,価格と利回りは無関係
financial_products-2,q2,E,利回りは常に一定で変わらない
financial_products-2,q3,A,アンダーパー発行
financial_products-2,q3,B,プレミアム発行（オーバーパー発行）
financial_products-2,q3,C,ディスカウント発行
financial_products-2,q3,D,パー発行
financial_products-2,q3,E,スポット発行
financial_products-2,q4,A,新規発行時に満期まで保有した場合の利回り
financial_products-2,q4,B,満期までの平均利回り
financial_products-2,q4,C,売却時点での利回り
financial_products-2,q4,D,途中購入した債券を満期まで持った場合の利回り
financial_products-2,q4,E,常に固定で変動しない利回り
financial_products-2,q5,A,普通預金と大口定期預金
financial_products-2,q5,B,変動金利定期預金とスーパー定期
financial_products-2,q5,C,社債と外貨建債
financial_products-2,q5,D,期日指定定期預金と貯蓄預金
financial_products-2,q5,E,定額貯金と定期貯金
financial_products-3,q1,A,投資の専門家が投資家から集めた資金を運用し収益を分配する
financial_products-3,q1,B,投資家が直接企業の株式を購入する
financial_products-3,q1,C,銀行が必ず元本保証をする
financial_products-3,q1,D,保険商品と同じ仕組みで運用される
financial_products-3,q1,E,国が全ての資金を管理している
financial_products-3,q2,A,売却手数料・保険料・仲介手数料
financial_products-3,q2,B,解約料・管理料・税金
financial_products-3,q2,C,購入時手数料・運用管理手数料・信託財産留保額
financial_products-3,q2,D,入会金・年会費・更新料
financial_products-3,q2,E,利子・配当・為替差益
financial_products-3,q3,A,パッシブは必ず利益が出て、アクティブは損失が出やすい
financial_products-3,q3,B,パッシブは短期投資向け、アクティブは長期投資専用
financial_products-3,q3,C,パッシブは市場平均を目指し、アクティブはそれを上回る成果を目指す
financial_products-3,q3,D,パッシブはリスクが高く、アクティブは低リスク
financial_products-3,q3,E,パッシブは国の制度で、アクティブは民間制度
financial_products-3,q4,A,株主総会資料
financial_products-3,q4,B,格付けレポート
financial_products-3,q4,C,新聞記事
financial_products-3,q4,D,目論見書
financial_products-3,q4,E,運用報告書
financial_products-3,q5,A,元本保証があるかを示す指標
financial_products-3,q5,B,リターンの大きさだけを見る指標
financial_products-3,q5,C,過去の分配金の総額を示す指標
financial_products-3,q5,D,将来の株価を予測する指標
financial_products-3,q5,E,リターンを得るために取ったリスクの効率性を示す指標
financial_products-4,q1,A,為替変動によって利益も損失も発生する
financial_products-4,q1,B,必ず元本保証がある
financial_products-4,q1,C,日本円でしか預けられない
financial_products-4,q1,D,解約時に必ず手数料がかかる
financial_products-4,q1,E,保険商品の一種である
financial_products-4,q2,A,外国株式を中心に運用される
financial_products-4,q2,B,解約時に必ず手数料がかかる
financial_products-4,q2,C,外国の短期債券を中心に運用される
financial_products-4,q2,D,必ず元本保証がある
financial_products-4,q2,E,保険金の支払いが円建てで行われる
financial_products-4,q3,A,先物は必ず実行義務があり、オプションは権利放棄ができる
financial_products-4,q3,B,先物は権利で、オプションは義務である
financial_products-4,q3,C,先物は元本保証、オプションは保証がない
financial_products-4,q3,D,先物は短期投資専用、オプションは長期専用
financial_products-4,q3,E,両者に違いはない
financial_products-4,q4,A,米を一定価格で将来購入する契約を結ぶ
financial_products-4,q4,B,固定金利と変動金利を交換する契約
financial_products-4,q4,C,20万円で買う権利を取得し、価格が25万円なら有利に行使できる
financial_products-4,q4,D,ドルと円を交換する契約
financial_products-4,q4,E,必ず満期まで保有しなければならない
financial_products-4,q5,A,外貨を円に交換する契約
financial_products-4,q5,B,株式を将来の価格で売買する契約
financial_products-4,q5,C,不動産を賃貸する契約
financial_products-4,q5,D,固定金利と変動金利を交換する契約
financial_products-4,q5,E,配当を先に受け取る契約
insurance_basics-1,q1,A,生命保険と損害保険
insurance_basics-1,q1,B,医療保険とがん保険
insurance_basics-1,q1,C,自動車保険と火災保険
insurance_basics-1,q1,D,投資信託と生命保険
insurance_basics-1,q1,E,国民年金と厚生年金
insurance_basics-1,q2,A,プルデンシャル生命
insurance_basics-1,q2,B,第一生命グループ
insurance_basics-1,q2,C,アクサ生命
insurance_basics-1,q2,D,メットライフ生命
insurance_basics-1,q2,E,マニュライフ生命
insurance_basics-1,q3,A,保険会社の社員は複数の会社の商品を扱える
insurance_basics-1,q3,B,代理店は一社専属で商品のみを提案できる
insurance_basics-1,q3,C,代理店は複数の会社の商品を扱える
insurance_basics-1,q3,D,代理店は保険料を自由に決められる
insurance_basics-1,q3,E,保険会社の社員は商品の提案をしない
insurance_basics-1,q4,A,加入年齢によって保険料が大きく変動する
insurance_basics-1,q4,B,保険料は住宅ローン返済に上乗せされ自動的に支払われる
insurance_basics-1,q4,C,契約後にまとめて一括で支払う仕組みである
insurance_basics-1,q4,D,死亡時のみ補償があるが障害時は補償されない
insurance_basics-1,q4,E,不動産を失う代わりにローンが完済される
insurance_basics-1,q5,A,受取には通常10年以上かかり、手続きは複雑である
insurance_basics-1,q5,B,生命保険料控除は利用できないため、税負担は軽減されない
insurance_basics-1,q5,C,相続税対策としては現金の方が有利に扱われる
insurance_basics-1,q5,D,契約者と被保険者を設定できるため、目的に沿った保障が可能
insurance_basics-1,q5,E,株式と同じように相続手続きが煩雑で着金まで時間がかかる
insurance_basics-2,q1,A,保険は必ず加入しなければならない制度だから
insurance_basics-2,q1,B,資産があっても保障額が増えるから
insurance_basics-2,q1,C,貯蓄で万が一に備えられるから
insurance_basics-2,q1,D,資産が多いと保険料が割高になるから
insurance_basics-2,q1,E,資産が多いと税金が免除されるから
insurance_basics-2,q2,A,必要な金額が貯まるまで給付を受けられない
insurance_basics-2,q2,B,毎月数千円の掛け金で数百万円を受け取れる
insurance_basics-2,q2,C,掛け金は必ず元本割れする
insurance_basics-2,q2,D,加入時に全額を一括で支払う必要がある
insurance_basics-2,q2,E,貯金よりも必ず資産が増える
insurance_basics-2,q3,A,亡くなったときに遺族が困らないだけの資産がある場合
insurance_basics-2,q3,B,若いうちは必ず加入しなければならない場合
insurance_basics-2,q3,C,保険料が安く設定されている場合
insurance_basics-2,q3,D,子どもがいる家庭の場合
insurance_basics-2,q3,E,公的制度がない場合
insurance_basics-2,q4,A,必ず全員が加入しなければならないから
insurance_basics-2,q4,B,病気やけがの際に公的保険が一切使えないから
insurance_basics-2,q4,C,医療費はすべて全額自己負担になるから
insurance_basics-2,q4,D,病気やけがで働けなくなっても面倒を見てくれる人や資金があるから
insurance_basics-2,q4,E,入院時に必ず100万円の現金が必要になるから
insurance_basics-2,q5,A,加入者全員が同じ保障内容にすべきである
insurance_basics-2,q5,B,保障額はできるだけ多い方が安心である
insurance_basics-2,q5,C,資産が多い人ほど保険を重視すべきである
insurance_basics-2,q5,D,保険は貯金よりも必ず得になるものである
insurance_basics-2,q5,E,自分の将来設計や必要性を踏まえてリスクに応じて検討する
insurance_basics-3,q1,A,保険契約者＝保険料を支払う人、被保険者＝保障の対象となる人
insurance_basics-3,q1,B,保険契約者＝保障を受ける人、被保険者＝保険料を払う人
insurance_basics-3,q1,C,被保険者＝保険金を受け取る人、保険受取人＝保険料を払う人
insurance_basics-3,q1,D,保険受取人＝保険会社、契約者＝保険金を払う人
insurance_basics-3,q1,E,保険料＝保険会社から支払われるお金、保険金＝契約者が払うお金
insurance_basics-3,q2,A,純保険料＝運営費用、付加保険料＝保険金支払い分
insurance_basics-3,q2,B,純保険料＝保険金に充てられる部分、付加保険料＝運営費や利益
insurance_basics-3,q2,C,純保険料＝保険会社の利益、付加保険料＝契約者への返戻金
insurance_basics-3,q2,D,純保険料＝将来の年金積立、付加保険料＝税金
insurance_basics-3,q2,E,純保険料＝全額貯蓄される部分、付加保険料＝掛け金割引分
insurance_basics-3,q3,A,月払いは2ヶ月間猶予、年払いは6ヶ月間猶予される
insurance_basics-3,q3,B,月払いは1週間、年払いは1ヶ月の猶予しかない
insurance_basics-3,q3,C,月払いは翌月1ヶ月間、年払いは翌月1ヶ月と翌月の契約日まで猶予される
insurance_basics-3,q3,D,月払い・年払いともに猶予は設けられていない
insurance_basics-3,q3,E,月払いは翌月末まで、年払いは翌年の同じ日まで猶予される
insurance_basics-3,q4,A,保険料を払い続ける必要があるが保障は増える
insurance_basics-3,q4,B,保険料の支払いをやめても保障は維持されるが保険金は減る
insurance_basics-3,q4,C,一度払済にしても元に戻すことができる
insurance_basics-3,q4,D,特約や配当は維持される
insurance_basics-3,q4,E,健康状態の告知が新たに必要になる
insurance_basics-3,q5,A,保障金額は減るが期間は変わらない
insurance_basics-3,q5,B,保障金額も期間も変わらない
insurance_basics-3,q5,C,保障金額は変わらず保険期間が短くなる可能性がある
insurance_basics-3,q5,D,特約は維持される
insurance_basics-3,q5,E,生存給付金を受け取れる場合がある
insurance_products-1,q1,A,死亡リスク・病気や障害リスク・貯蓄と長生きリスク
insurance_products-1,q1,B,失業リスク・老後リスク・年金リスク
insurance_products-1,q1,C,事故リスク・火災リスク・地震リスク
insurance_products-1,q1,D,医療費リスク・介護リスク・教育費リスク
insurance_products-1,q1,E,税金リスク・住宅ローンリスク・教育費リスク
insurance_products-1,q2,A,一生涯にわたり保障が続く
insurance_products-1,q2,B,保険期間終了後も必ず保険金が支払われる
insurance_products-1,q2,C,一定期間のみ保障があり、期間終了後は保険金は支払われない
insurance_products-1,q2,D,解約返戻金が必ず受け取れる
insurance_products-1,q2,E,更新のたびに保険料は下がる
insurance_products-1,q3,A,保障が一生涯続き、死亡時には必ず保険金が支払われる
insurance_products-1,q3,B,保険期間が決まっており掛け捨てである
insurance_products-1,q3,C,更新のたびに保険料が安くなる
insurance_products-1,q3,D,保険料が安く解約返戻金はない
insurance_products-1,q3,E,死亡時に保険金は支払われない
insurance_products-1,q4,A,失業した場合に保険料が免除される
insurance_products-1,q4,B,高齢になった場合に自動的に免除される
insurance_products-1,q4,C,余命6か月以内と診断された場合に保険金が前倒しで受け取れる
insurance_products-1,q4,D,三大疾病にかかった場合に以後の保険料が免除される
insurance_products-1,q4,E,一定期間保険料を払えばその後免除される
insurance_products-1,q5,A,三大疾病にかかった場合に保険料が免除される
insurance_products-1,q5,B,入院時に医療費を補填するための一時金が支払われる
insurance_products-1,q5,C,災害による死亡に限定して追加の保険金を受け取れる
insurance_products-1,q5,D,教育費を目的として満期時に給付金を受け取れる
insurance_products-1,q5,E,余命6か月以内と診断された場合に死亡保険金を生前に受け取れる
insurance_products-2,q1,A,入院や手術に応じて掛け金が返還されるタイプと、退職時に給付されるタイプ
insurance_products-2,q1,B,入院や手術1回ごとに一時金が出るタイプと、入院日数に応じて日額で給付されるタイプ
insurance_products-2,q1,C,通院のみが対象で給付されるタイプと、事故のみが対象のタイプ
insurance_products-2,q1,D,入院や手術の回数に関係なく毎月定額が給付されるタイプと、年1回だけ給付されるタイプ
insurance_products-2,q1,E,保険料の払い込みが終わった後にのみ給付されるタイプ
insurance_products-2,q2,A,がん特約はがんに特化し、がん保険は他の病気も保障する
insurance_products-2,q2,B,がん特約は必ず女性専用で、がん保険は男性専用である
insurance_products-2,q2,C,がん特約は保険会社が無料で付与する制度である
insurance_products-2,q2,D,がん特約は医療保険に上乗せしてがんも対象にでき、がん保険はがんに特化している
insurance_products-2,q2,E,がん特約は保障が終身で、がん保険は定期型のみである
insurance_products-2,q3,A,保障はなく貯蓄機能のみで、満期時に積立金が返還される
insurance_products-2,q3,B,保障は一生涯続き、満期時に必ず保険金が支払われる
insurance_products-2,q3,C,途中解約できず、返戻金は一切ない
insurance_products-2,q3,D,掛け金が安く、期間終了後も保障が自動継続される
insurance_products-2,q3,E,一定期間保障と貯蓄を兼ね備え、死亡時や満期時に保険金が支払われる
insurance_products-2,q4,A,終身保険は一生涯保障が続き、養老保険は満期を迎えると契約終了する
insurance_products-2,q4,B,終身保険は必ず満期保険金が支払われるが、養老保険は支払われない
insurance_products-2,q4,C,終身保険は満期があり、養老保険は一生涯続く
insurance_products-2,q4,D,終身保険は死亡保障がなく、養老保険は死亡保障がある
insurance_products-2,q4,E,終身保険は満期後に保障が続くが、養老保険は保障が増える
insurance_products-2,q5,A,必ず一括で全額受け取れるため資金計画が立てやすい
insurance_products-2,q5,B,利回りが高く物価上昇率を上回ることが多い
insurance_products-2,q5,C,途中解約はできず返戻金はない
insurance_products-2,q5,D,必要なタイミングに間に合わなかったり、利回りが低く追加資金が必要になることがある
insurance_products-2,q5,E,加入者全員が同じ時期に給付を受け取れる
insurance_products-3,q1,A,事故時に必ず受け取れる金額のこと
insurance_products-3,q1,B,保険会社が支払う保険金の限度額として契約で定められる金額
insurance_products-3,q1,C,契約者が毎月支払う掛け金のこと
insurance_products-3,q1,D,建物や家財の評価額のこと
insurance_products-3,q1,E,実際に受け取った損害保険金の合計額のこと
insurance_products-3,q2,A,事故で実際に受け取る金額
insurance_products-3,q2,B,契約者が設定する任意の金額
insurance_products-3,q2,C,保険会社の利益を示す金額
insurance_products-3,q2,D,保険料の総支払額
insurance_products-3,q2,E,保険の対象となるものを金銭的に評価した金額
insurance_products-3,q3,A,保険金額が保険価額より高く設定されている状態
insurance_products-3,q3,B,損害が発生しなかった場合に保険料が返還される状態
insurance_products-3,q3,C,保険金額が保険価額より低く設定されている状態
insurance_products-3,q3,D,複数の保険会社に同じ損害で請求できる状態
insurance_products-3,q3,E,免責額を超えて全額補償される状態
insurance_products-3,q4,A,フランチャイズ方式は常に一定額を自己負担、免責方式は全額補償される
insurance_products-3,q4,B,フランチャイズ方式は損害額が一定額未満なら全額自己負担、超えたら全額補償される
insurance_products-3,q4,C,免責方式は損害額に関わらず全額自己負担
insurance_products-3,q4,D,免責方式は超えた部分も全額補償される
insurance_products-3,q4,E,フランチャイズ方式は差額のみ補償される
insurance_products-3,q5,A,保険会社は利益を出してはいけないという原則
insurance_products-3,q5,B,複数の保険会社から重複して保険金を必ず受け取る原則
insurance_products-3,q5,C,保険料を安くするためには必ず免責を設定する原則
insurance_products-3,q5,D,損害がなかった場合でも保険金を請求できる原則
insurance_products-3,q5,E,契約者は保険を利用して利益を得てはいけないという原則
insurance_products-4,q1,A,事故を起こした本人の治療費
insurance_products-4,q1,B,自分自身の車の修理費
insurance_products-4,q1,C,物損事故による他人の財産損害
insurance_products-4,q1,D,家族の生活費
insurance_products-4,q1,E,人身事故で他人を死傷させた場合の治療費や慰謝料など
insurance_products-4,q2,A,限度額を50万円に設定する
insurance_products-4,q2,B,限度額を100万円に設定する
insurance_products-4,q2,C,"限度額を1,000万円に設定する"
insurance_products-4,q2,D,限度額を無制限に設定する
insurance_products-4,q2,E,限度額を車両価格と同額に設定する
insurance_products-4,q3,A,必ず中古車には付帯される
insurance_products-4,q3,B,加入義務がある
insurance_products-4,q3,C,他人の車の修理費を補償する
insurance_products-4,q3,D,無事故であっても等級は下がる
insurance_products-4,q3,E,自分の車に損害があった場合の修理費などを補償する
insurance_products-4,q4,A,等級は20等級を上限とし、無事故であれば毎年1等級上がる
insurance_products-4,q4,B,等級は30段階まであり、無事故であれば毎年2等級上がる
insurance_products-4,q4,C,等級は10等級を上限とし、無事故でも変化しない
insurance_products-4,q4,D,等級は無事故でも下がる
insurance_products-4,q4,E,等級は保険加入者の年齢によってのみ決まる
insurance_products-4,q5,A,事故の可能性が低く、修理費が少額な場合
insurance_products-4,q5,B,免許を返納する直前の場合
insurance_products-4,q5,C,新車や高級車で修理費が高額になる場合やローン残債がある場合
insurance_products-4,q5,D,十分な貯蓄があり自己負担できる場合
insurance_products-4,q5,E,中古車で買い替えを前提にしている場合
insurance_products-5,q1,A,火災・落雷・爆発・積雪などによる損害や消火活動費用
insurance_products-5,q1,B,水害や盗難などによる損害
insurance_products-5,q1,C,地震や津波による被害
insurance_products-5,q1,D,自動車事故による建物損害
insurance_products-5,q1,E,借家人の責任による損害
insurance_products-5,q2,A,地震や津波
insurance_products-5,q2,B,築年数の経過による劣化
insurance_products-5,q2,C,借家人賠償責任
insurance_products-5,q2,D,自動車事故
insurance_products-5,q2,E,水害や盗難
insurance_products-5,q3,A,火災保険の代わりに単独で契約できる
insurance_products-5,q3,B,賃貸契約に自動的に含まれる
insurance_products-5,q3,C,火災保険に付随してのみ加入できる
insurance_products-5,q3,D,住宅総合保険に加入すれば必ず自動付帯される
insurance_products-5,q3,E,自動車保険に付随して加入できる
insurance_products-5,q4,A,「新価」は同水準の物件を新築・購入する費用に基づく額である
insurance_products-5,q4,B,「時価」は保険料が高くなるが補償は不足する
insurance_products-5,q4,C,「新価」と「時価」に違いはない
insurance_products-5,q4,D,「時価」は新築と同じ水準に建て直す費用である
insurance_products-5,q4,E,「新価」は経年劣化を差し引いた額である
insurance_products-5,q5,A,住宅火災保険（建物補償付き）
insurance_products-5,q5,B,地震保険単独
insurance_products-5,q5,C,借家人賠償責任保険と家財保険
insurance_products-5,q5,D,住宅総合保険（建物補償付き）
insurance_products-5,q5,E,住宅火災保険の建物部分のみ
insurance_products-6,q1,A,病気による入院
insurance_products-6,q1,B,事故による死傷（骨折や火傷、スポーツ中の怪我など）
insurance_products-6,q1,C,自動車事故による相手への賠償
insurance_products-6,q1,D,情報漏えいによる損害賠償
insurance_products-6,q1,E,預かり品の破損
insurance_products-6,q2,A,契約者の所得にかかわらず一定額が支払われる
insurance_products-6,q2,B,病気や怪我で働けなくなった場合に毎月一定額が支払われる
insurance_products-6,q2,C,自動車事故の相手方の治療費を補償する
insurance_products-6,q2,D,ペットによる事故を補償する
insurance_products-6,q2,E,事故による死亡のみが対象
insurance_products-6,q3,A,同居の家族による事故
insurance_products-6,q3,B,ペットが人に噛みついた場合
insurance_products-6,q3,C,お店で商品を壊した場合
insurance_products-6,q3,D,子どもが遊んでいて他人に怪我をさせた場合
insurance_products-6,q3,E,自転車で他人を怪我させた場合
insurance_products-6,q4,A,施設の管理不備で他人に損害を与えた場合
insurance_products-6,q4,B,従業員が病気で欠勤した場合
insurance_products-6,q4,C,製品やサービスの欠陥により事故が発生した場合
insurance_products-6,q4,D,サイバー攻撃で自社が損失を受けた場合
insurance_products-6,q4,E,日常生活中の偶発的な怪我をした場合
insurance_products-6,q5,A,サイバー攻撃や情報漏えいで他人に損害を与えた場合
insurance_products-6,q5,B,スポーツ中の怪我
insurance_products-6,q5,C,施設の構造欠陥による損害
insurance_products-6,q5,D,自転車事故による他人への賠償
insurance_products-6,q5,E,交通事故での車両損害
tax-1,q1,A,土地の収穫物を納める租庸調
tax-1,q1,B,土地の私有を認める墾田永年私財法
tax-1,q1,C,お金で納める土地税制や所得税・法人税
tax-1,q1,D,戦費調達のための増税強化
tax-1,q1,E,消費税の導入
tax-1,q2,A,憲法では義務として定められていない
tax-1,q2,B,戦後の日本国憲法で国民の三大義務の一つとされた
tax-1,q2,C,昭和初期の戦費調達の際に義務化された
tax-1,q2,D,源泉徴収制度と同時に義務となった
tax-1,q2,E,平成の消費税導入と同時に義務化された
tax-1,q3,A,住民税
tax-1,q3,B,事業税
tax-1,q3,C,固定資産税
tax-1,q3,D,消費税
tax-1,q3,E,自動車税
tax-1,q4,A,住民税
tax-1,q4,B,固定資産税
tax-1,q4,C,所得税
tax-1,q4,D,自動車税
tax-1,q4,E,軽自動車税
tax-1,q5,A,給与所得
tax-1,q5,B,遺族年金
tax-1,q5,C,不動産賃料収入
tax-1,q5,D,事業所得
tax-1,q5,E,配当所得
tax-2,q1,A,収入は給与から税金を引いた後の金額、所得は税引前の総額
tax-2,q1,B,収入は資産運用で得た利益、所得は給料
tax-2,q1,C,収入は会社から支給される総額、所得はそこから必要経費を差し引いた実質的な利益
tax-2,q1,D,収入は一時的な臨時収入、所得は毎月の給料
tax-2,q1,E,収入と所得は同じ意味であり区別はない
tax-2,q2,A,一律10％の税率がかかる
tax-2,q2,B,複数の所得を合算し、累進課税制度により計算する
tax-2,q2,C,他の所得と分けて計算し固定税率を適用する
tax-2,q2,D,給与所得だけに限定して課税する
tax-2,q2,E,源泉分離課税と同じ仕組みである
tax-2,q3,A,会社員が自分で経費を申告して計算する仕組みである
tax-2,q3,B,会社員に一律で給与の一定額が必要経費として自動的に差し引かれる
tax-2,q3,C,給与から税金を引いた後の残額を指す
tax-2,q3,D,すべての会社員に同じ金額が適用される
tax-2,q3,E,退職金に対して適用される控除である
tax-2,q4,A,退職金の全額が課税対象になる
tax-2,q4,B,退職金から退職所得控除を差し引き、残りの全額が課税対象
tax-2,q4,C,退職金から給与所得控除を差し引き、残りの半額が課税対象
tax-2,q4,D,退職金から退職所得控除を差し引き、その残りの半額が課税対象
tax-2,q4,E,退職金の2分の1が自動的に課税対象となる
tax-2,q5,A,住民税はすべて普通徴収で納める
tax-2,q5,B,会社員は特別徴収で給与から天引きされる
tax-2,q5,C,自営業者も会社員も特別徴収で納める
tax-2,q5,D,普通徴収は12回分割払いで給与から天引きされる
tax-2,q5,E,住民税は前年ではなく当年の収入で決まる
tax-3,q1,A,マンション売却による利益が対象となる
tax-3,q1,B,農業による収入が対象となる
tax-3,q1,C,家賃収入や船・飛行機の貸付による収入が対象となる
tax-3,q1,D,懸賞金や宝くじの当選金が対象となる
tax-3,q1,E,給与から自動的に差し引かれる控除を指す
tax-3,q2,A,収入全額に課税される
tax-3,q2,B,収入から支出と50万円の特別控除を引き、その半分が課税対象
tax-3,q2,C,収入から給与所得控除を引き、その全額が課税対象
tax-3,q2,D,収入から経費を引いた金額が全額課税対象
tax-3,q2,E,収入から退職所得控除を引き、その半分が課税対象
tax-3,q3,A,公的年金やアフィリエイト収入
tax-3,q3,B,宝くじの当選金
tax-3,q3,C,不動産の家賃収入
tax-3,q3,D,株式配当金
tax-3,q3,E,退職金
tax-3,q4,A,保有期間に関係なく全額課税対象になる
tax-3,q4,B,5年を超えて保有した資産を売却した場合は課税対象額が半分になる
tax-3,q4,C,売却益はすべて非課税である
tax-3,q4,D,給与所得控除が自動的に適用される
tax-3,q4,E,家賃収入と同じ総合課税が適用される
tax-3,q5,A,利子所得は総合課税、配当所得は源泉分離課税のみ
tax-3,q5,B,利子所得は源泉分離課税で原則申告不要、配当所得は総合課税だが申告分離課税も選べる
tax-3,q5,C,どちらも必ず確定申告が必要
tax-3,q5,D,利子所得は不動産の賃料、配当所得は給与の一部
tax-3,q5,E,利子所得は退職金、配当所得は保険金
tax-4,q1,A,利息は総合課税の対象となり確定申告が必要
tax-4,q1,B,利息は非課税である
tax-4,q1,C,利息は源泉分離課税で20.315％が自動的に差し引かれる
tax-4,q1,D,利息は申告分離課税で税率は一律10％である
tax-4,q1,E,利息は給与所得として課税される
tax-4,q2,A,一般口座はすべて源泉徴収で申告不要
tax-4,q2,B,特定口座では必ず確定申告が必要
tax-4,q2,C,特定口座の源泉徴収なしを選んでも申告不要
tax-4,q2,D,一般口座でも源泉徴収ありを選べる
tax-4,q2,E,特定口座の源泉徴収ありを選べば申告不要
tax-4,q3,A,契約者と被保険者が同じで受取人が別なら相続税
tax-4,q3,B,契約者と受取人が同じなら相続税
tax-4,q3,C,契約者・被保険者・受取人が同じなら相続税
tax-4,q3,D,三者がすべて異なる場合は所得税
tax-4,q3,E,契約者と受取人が同じ場合は贈与税
tax-4,q4,A,普通分配金は非課税、元本払戻金は課税対象
tax-4,q4,B,普通分配金は課税対象、元本払戻金は非課税
tax-4,q4,C,すべての分配金は非課税である
tax-4,q4,D,すべての分配金は課税対象である
tax-4,q4,E,普通分配金と元本払戻金は両方とも雑所得で課税対象
tax-4,q5,A,利子所得として源泉分離課税
tax-4,q5,B,配当所得として総合課税
tax-4,q5,C,雑所得として総合課税
tax-4,q5,D,退職所得として分離課税
tax-4,q5,E,すべて非課税
tax_return-1,q1,A,市販薬や治療薬は対象外である
tax_return-1,q1,B,保険で補填された分も控除対象に含まれる
tax_return-1,q1,C,美容や予防目的の費用も対象になる
tax_return-1,q1,D,実際に支払った額から保険補填額と10万円を引いた金額が対象となる
tax_return-1,q1,E,医療費控除は学生だけが利用できる
tax_return-1,q2,A,配偶者が15歳未満でも対象になる
tax_return-1,q2,B,配偶者の年齢に関係なく控除額は一律である
tax_return-1,q2,C,配偶者が70歳以上の場合は控除額が増える
tax_return-1,q2,D,"納税者の所得が1,000万円を超えても適用できる"
tax_return-1,q2,E,配偶者が給与所得者なら必ず控除対象になる
tax_return-1,q3,A,16歳未満の子どもも控除対象になる
tax_return-1,q3,B,高齢の親は対象外である
tax_return-1,q3,C,扶養親族の年間所得が100万円以下なら対象になる
tax_return-1,q3,D,すべての扶養親族の控除額は一律38万円である
tax_return-1,q3,E,19歳以上23歳未満は特定扶養親族となり控除額が63万円となる
tax_return-1,q4,A,所得が多い人ほど控除額が大きくなる
tax_return-1,q4,B,"所得が2,500万円を超えると控除がなくなる"
tax_return-1,q4,C,一定の年齢以上でないと適用されない
tax_return-1,q4,D,扶養控除と併用できない
tax_return-1,q4,E,納税者全員が必ず一律48万円控除できる
tax_return-1,q5,A,寄付金控除は住民税にのみ適用される
tax_return-1,q5,B,どの団体に寄付しても全額控除される
tax_return-1,q5,C,寄付をした年の翌年から控除される
tax_return-1,q5,D,寄付金控除は保険料控除と同じ仕組みである
tax_return-1,q5,E,ふるさと納税は寄付金控除に含まれる
tax_return-2,q1,A,所得から差し引く仕組みである
tax_return-2,q1,B,税額そのものから差し引く仕組みである
tax_return-2,q1,C,社会保険料と同じように控除される
tax_return-2,q1,D,給与から自動的に天引きされる
tax_return-2,q1,E,寄付金控除と同じ制度である
tax_return-2,q2,A,すべての配当が一律10％控除される
tax_return-2,q2,B,外国法人からの配当も対象である
tax_return-2,q2,C,確定申告不要制度を選んだ場合も控除できる
tax_return-2,q2,D,課税総所得1000万円以下なら配当所得の10％控除される
tax_return-2,q2,E,上場株式の申告分離課税を選んだ場合も控除できる
tax_return-2,q3,A,床面積が50㎡以上であること
tax_return-2,q3,B,所得が2000万円以下であること
tax_return-2,q3,C,借入期間が10年以上であること
tax_return-2,q3,D,昭和57年以降の建築または耐震基準に適合していること
tax_return-2,q3,E,借入期間が5年以上であればよいこと
tax_return-2,q4,A,給与所得と配当所得
tax_return-2,q4,B,不動産所得と事業所得
tax_return-2,q4,C,給与所得と退職所得
tax_return-2,q4,D,雑所得と一時所得
tax_return-2,q4,E,利子所得と給与所得
tax_return-2,q5,A,赤字が出た場合は無条件で翌年に繰り越される
tax_return-2,q5,B,退職所得と給与所得を相殺できる
tax_return-2,q5,C,黒字と赤字を合算して所得を圧縮し、税金を減らせる
tax_return-2,q5,D,給与所得と雑所得だけで相殺できる
tax_return-2,q5,E,源泉徴収された税金が全額戻る
tax_return-3,q1,A,給与が年収1500万円の場合
tax_return-3,q1,B,給与が年間2000万円を超える場合
tax_return-3,q1,C,給与が1か所のみで副収入がない場合
tax_return-3,q1,D,勤務先で年末調整をしている場合
tax_return-3,q1,E,医療費が1万円を超えた場合
tax_return-3,q2,A,確定申告時に口頭で申請すればよい
tax_return-3,q2,B,前年度の申告で自動的に青色になる
tax_return-3,q2,C,白色申告のまま複式簿記で提出すればよい
tax_return-3,q2,D,税理士に依頼すれば自動で承認される
tax_return-3,q2,E,開業届と青色申告承認申請書を提出し承認を受ける
tax_return-3,q3,A,控除は10万円のみである
tax_return-3,q3,B,控除は10万円と55万円の2種類である
tax_return-3,q3,C,白色申告でも65万円控除が受けられる
tax_return-3,q3,D,控除は10万円・55万円・65万円の3種類で、65万円は複式簿記＋e-Tax等が必要
tax_return-3,q3,E,55万円控除は帳簿不要で受けられる
tax_return-3,q4,A,健康保険証1枚でよい
tax_return-3,q4,B,マイナンバーカード1枚で足りる
tax_return-3,q4,C,通知カードだけでよい
tax_return-3,q4,D,住民票の写しだけでよい
tax_return-3,q4,E,運転免許証だけでよい
tax_return-3,q5,A,医療費控除の明細書
tax_return-3,q5,B,収支内訳書
tax_return-3,q5,C,第三表（分離課税用）
tax_return-3,q5,D,青色申告決算書
tax_return-3,q5,E,住民税申告書
life_planning-1,q1,A,将来のライフイベントの費用と時期を見積もり、準備をシミュレーションする計画
life_planning-1,q1,B,税金を減らすための節税スキーム
life_planning-1,q1,C,株式運用だけで資産を増やす計画
life_planning-1,q1,D,毎月の家計を一律に削減する節約術
life_planning-1,q1,E,退職後の年金受給のみの計画
life_planning-1,q2,A,1〜3年以内
life_planning-1,q2,B,10〜20年後
life_planning-1,q2,C,60歳以降
life_planning-1,q2,D,20年以上先
life_planning-1,q2,E,5〜10年以内
life_planning-1,q3,A,葬儀費用の準備
life_planning-1,q3,B,出産直後のベビー用品
life_planning-1,q3,C,住宅購入や教育費、親の介護
life_planning-1,q3,D,退職後の生活費
life_planning-1,q3,E,入社直後の生活立ち上げ費
life_planning-1,q4,A,子どもが成長するほど貯蓄残高は常に増える
life_planning-1,q4,B,退職後は支出がゼロになる
life_planning-1,q4,C,結婚時に必ず収入が減少する
life_planning-1,q4,D,大学進学期に貯蓄が大きく減り、その後は支出が減る
life_planning-1,q4,E,老後は収入が急増する
life_planning-1,q5,A,非正規雇用の女性は男性より少ない
life_planning-1,q5,B,正規雇用の女性の平均年収は約384万円である
life_planning-1,q5,C,非正規雇用の女性の平均年収は約300万円である
life_planning-1,q5,D,男性の平均年収は女性より低い
life_planning-1,q5,E,雇用形態による人数差はほぼない
life_planning-2,q1,A,約150万円
life_planning-2,q1,B,約220万円
life_planning-2,q1,C,約327万円
life_planning-2,q1,D,約430万円
life_planning-2,q1,E,約500万円
life_planning-2,q2,A,約60万円
life_planning-2,q2,B,約90万円
life_planning-2,q2,C,約120万円
life_planning-2,q2,D,約150万円
life_planning-2,q2,E,約200万円
life_planning-2,q3,A,条件を満たせば50万円が支給される
life_planning-2,q3,B,対象は国民健康保険加入者のみである
life_planning-2,q3,C,分娩費用の上限は必ず50万円である
life_planning-2,q3,D,現金で一括受け取るのが原則である
life_planning-2,q3,E,課税対象の給付金である
life_planning-2,q4,A,国民健康保険の加入者も対象になる
life_planning-2,q4,B,給与の全額が補填される
life_planning-2,q4,C,育休後にまとめて一括支給される
life_planning-2,q4,D,出産予定日42日前から出産翌日56日までが対象期間
life_planning-2,q4,E,課税対象となる給付金である
life_planning-2,q5,A,最長で子どもが2歳になるまで延長できる
life_planning-2,q5,B,育休中の賃金が80％以上でも受け取れる
life_planning-2,q5,C,育休開始から半年間は給与の50％が支給される
life_planning-2,q5,D,毎月定額で支給される
life_planning-2,q5,E,社会保険料は免除されない
life_planning-3,q1,A,手付金は物件価格の約1％
life_planning-3,q1,B,仲介手数料は物件価格の1％
life_planning-3,q1,C,頭金は物件価格の20〜30％
life_planning-3,q1,D,印紙税は契約額に関わらず一律2万円
life_planning-3,q1,E,固定資産税は物件価格の10％
life_planning-3,q2,A,5年以下の所有で売却した場合は所得税15％、住民税5％
life_planning-3,q2,B,5年を超えて所有して売却した場合は所得税30％、住民税9％
life_planning-3,q2,C,5年以下の短期所有で売却した場合は所得税30％、住民税9％
life_planning-3,q2,D,保有期間にかかわらず一律20％課税
life_planning-3,q2,E,売却益はすべて非課税である
life_planning-3,q3,A,公立と私立で費用差はほとんどない
life_planning-3,q3,B,年間の追加出費は必ず10万円未満である
life_planning-3,q3,C,子どもの成長に伴い教育費は減少していく
life_planning-3,q3,D,制服や教材、習い事などで年間50〜100万円の追加出費が必要になる場合がある
life_planning-3,q3,E,教育費はすべて国が負担する
life_planning-3,q4,A,年間約30万円
life_planning-3,q4,B,年間約100万円
life_planning-3,q4,C,年間約200万円
life_planning-3,q4,D,年間約300万円
life_planning-3,q4,E,年間約500万円
life_planning-3,q5,A,約500万円
life_planning-3,q5,B,約1000万円
life_planning-3,q5,C,約1500万円
life_planning-3,q5,D,約2000万円
life_planning-3,q5,E,約3000万円
life_planning-4,q1,A,自分を止めようとする感情によって行動にブレーキがかかる状態
life_planning-4,q1,B,成功体験によって自信が強くなる状態
life_planning-4,q1,C,周囲からの応援で前向きになる状態
life_planning-4,q1,D,計画を立てずに直感で行動する状態
life_planning-4,q1,E,やる気が高まり集中できる状態
life_planning-4,q2,A,欲しい・やりたい・やらなければ損
life_planning-4,q2,B,できない・してはいけない・しなければならない
life_planning-4,q2,C,我慢・努力・忍耐
life_planning-4,q2,D,成功・達成・幸福
life_planning-4,q2,E,急ぐ・焦る・怠ける
life_planning-4,q3,A,焦り・怒り・混乱・無関心・諦め
life_planning-4,q3,B,浪費・借金・無駄遣い・依存・破産
life_planning-4,q3,C,成功体験・協力・達成感・喜び・安心
life_planning-4,q3,D,現状維持バイアス・損失回避・心理的負担・一貫性の法則・学習
life_planning-4,q3,E,勇気・希望・友情・努力・勝利
life_planning-4,q4,A,慣れないことに不安を感じず積極的に行動する
life_planning-4,q4,B,努力を続ければ必ず成功すると思う
life_planning-4,q4,C,お金持ちは悪いことをしていると思うと自分がお金持ちになることを拒んでしまう
life_planning-4,q4,D,新しい挑戦を成功体験として喜んで受け入れる
life_planning-4,q4,E,過去の失敗を活かして自信を持つ
life_planning-4,q5,A,大きな挑戦を一度に行い不安を克服する
life_planning-4,q5,B,思い込みに気づき問いかけを変え、小さな目標を設定して成功体験を積む
life_planning-4,q5,C,常に周囲の評価を優先する
life_planning-4,q5,D,他人の意見にすべて従う
life_planning-4,q5,E,過去の失敗を忘れ現実から逃避する
real_estate-1,q1,A,不動産を売却してすぐに利益を得る
real_estate-1,q1,B,金融機関からの融資を受けて不動産を購入し、賃料収入を得ながらローンを返済する
real_estate-1,q1,C,株式のように値動きで短期的な売買益を狙う
real_estate-1,q1,D,融資を受けずに必ず現金一括で購入する
real_estate-1,q1,E,不動産を担保にして株式投資を行う
real_estate-1,q2,A,3000万円の物件を頭金なし、35年ローン金利2％で購入した場合、月々の返済額は約10万円
real_estate-1,q2,B,月々の家賃収入は約3万円
real_estate-1,q2,C,管理費用は不要である
real_estate-1,q2,D,ローンの返済は月5万円以下で済む
real_estate-1,q2,E,月々の収支は必ず黒字になる
real_estate-1,q3,A,必ず元本保証される
real_estate-1,q3,B,空室や修繕費の発生で家計が圧迫される可能性がある
real_estate-1,q3,C,株式投資と同じく短期的な値動きで損益が決まる
real_estate-1,q3,D,税金や保険料は一切かからない
real_estate-1,q3,E,必ずローン返済が不要になる
real_estate-1,q4,A,短期間で大きな利益を狙うハイリスク・ハイリターン型
real_estate-1,q4,B,元本保証のローリスク・ローリターン型
real_estate-1,q4,C,ミドルリスク・ミドルリターン型で中長期の運用に向く
real_estate-1,q4,D,株式投資と同じく短期売買が中心
real_estate-1,q4,E,毎月必ず利益が確定する仕組み
real_estate-1,q5,A,株式投資のように融資を受けて株を購入できる
real_estate-1,q5,B,投資信託のように少額から始められるが融資は使えない
real_estate-1,q5,C,個人の信用力を評価され、金融機関から融資を受けられる
real_estate-1,q5,D,必ず現金一括で購入する必要がある
real_estate-1,q5,E,不動産は収入に関係なく誰でも無制限に融資を受けられる
real_estate-2,q1,A,投資額をすべて自己資金で賄う仕組み
real_estate-2,q1,B,少ない自己資金で大きな資産を持つことができる仕組み
real_estate-2,q1,C,短期間で必ず利益が倍増する仕組み
real_estate-2,q1,D,税金が自動的に減額される仕組み
real_estate-2,q1,E,不動産価格が必ず上昇する仕組み
real_estate-2,q2,A,年収の2〜3倍
real_estate-2,q2,B,年収の4〜5倍
real_estate-2,q2,C,年収の8〜10倍
real_estate-2,q2,D,年収の15倍以上
real_estate-2,q2,E,年収に関係なく無制限に借入可能
real_estate-2,q3,A,夫婦や親子の年収を合算できるため融資枠が広がる
real_estate-2,q3,B,配偶者の年収は一切考慮されない
real_estate-2,q3,C,世帯年収を用いると融資が減額される
real_estate-2,q3,D,世帯年収を申告すると税金が免除される
real_estate-2,q3,E,世帯年収を用いると必ず融資審査に通る
real_estate-2,q4,A,30万円
real_estate-2,q4,B,75万円
real_estate-2,q4,C,150万円
real_estate-2,q4,D,300万円
real_estate-2,q4,E,600万円
real_estate-2,q5,A,自己資金300万円＋借入2700万円、利回り5％、利息2％の場合、実質利回りは約32％になる
real_estate-2,q5,B,自己資金300万円＋借入2700万円で利回り5％なら利益はゼロになる
real_estate-2,q5,C,借入をすると必ず利回りは下がる
real_estate-2,q5,D,借入の利息は利回り計算に含めなくてよい
real_estate-2,q5,E,レバレッジを使うと必ず損失になる
real_estate-3,q1,A,購入者が死亡または高度障害時に団体信用生命保険で残債がなくなるため
real_estate-3,q1,B,不動産を売却すれば必ず現金が増えるため
real_estate-3,q1,C,国が不動産オーナーを対象に保険を提供するため
real_estate-3,q1,D,毎月の家賃収入が自動的に生命保険に積み立てられるため
real_estate-3,q1,E,ローンを組む際に必ず火災保険に加入するため
real_estate-3,q2,A,不動産投資では公的年金と同じ額が保証される
real_estate-3,q2,B,返済中は家賃収入で補填し、完済後は家賃収入がそのまま年金になる
real_estate-3,q2,C,家賃収入は必ず国民年金に上乗せされる
real_estate-3,q2,D,ローンを完済しても家賃収入は受け取れない
real_estate-3,q2,E,家賃収入は60歳まで受け取れない
real_estate-3,q3,A,日銀が不動産価格を保証しているため
real_estate-3,q3,B,物価が上昇しても不動産の価値は下がるため
real_estate-3,q3,C,インフレになると必ず不動産収入が倍増するため
real_estate-3,q3,D,不動産は税金がかからないため
real_estate-3,q3,E,現金の価値が下がっても不動産は物価と連動して価値が上昇するため
real_estate-3,q4,A,需要が低くても安定収入が得られるから
real_estate-3,q4,B,銀行が家賃収入を保証するから
real_estate-3,q4,C,株や債券のように価値が暴落する可能性が低い現物資産だから
real_estate-3,q4,D,不動産価格は常に一定だから
real_estate-3,q4,E,不動産投資は必ず元本保証されるから
real_estate-3,q5,A,現金と違い相続税評価額を圧縮できるから
real_estate-3,q5,B,不動産は相続の対象から除外されるから
real_estate-3,q5,C,不動産を所有すると相続税が免除されるから
real_estate-3,q5,D,相続税の計算に不動産は反映されないから
real_estate-3,q5,E,不動産を現金化すれば課税されないから
real_estate-4,q1,A,空室が発生しても税金や固定資産税は免除される
real_estate-4,q1,B,入居者がいないとローン返済や管理費を自己負担しなければならない
real_estate-4,q1,C,空室があっても資産価値は常に上昇する
real_estate-4,q1,D,新築物件では空室が一切起こらない
real_estate-4,q1,E,入居者がいなくても必ず家賃収入が保証される
real_estate-4,q2,A,空室は自然に埋まるので対策不要
real_estate-4,q2,B,一度入居者がつけば退去は起こらない
real_estate-4,q2,C,人気のないエリアでも築年数が古ければ安心
real_estate-4,q2,D,管理会社の家賃保証制度（サブリース）を活用する
real_estate-4,q2,E,管理会社を選ばなくても問題ない
real_estate-4,q3,A,家賃が下がりにくいエリアや人気設備を備えた物件を選ぶ
real_estate-4,q3,B,築年数が古い物件ほど家賃が上がる
real_estate-4,q3,C,空室保証だけ契約すれば十分である
real_estate-4,q3,D,賃貸需要が低い郊外物件を選ぶ
real_estate-4,q3,E,どのエリアを選んでも家賃は一定である
real_estate-4,q4,A,都心より郊外の物件を選ぶ
real_estate-4,q4,B,アクセス条件を無視しても資産価値は一定である
real_estate-4,q4,C,希少性が高く資産価値が落ちにくい立地や駅近物件を選ぶ
real_estate-4,q4,D,駅から徒歩30分以上の物件を選ぶ
real_estate-4,q4,E,売却益は必ず得られるので対策は不要である
real_estate-4,q5,A,金利が半年ごとに見直されるが返済額は5年間一定の「5年ルール」
real_estate-4,q5,B,変動金利でも返済額は一切変わらない制度
real_estate-4,q5,C,どの金融機関でも必ず上限ルールがある制度
real_estate-4,q5,D,金利が上昇しても返済額が200％を超えない「200％ルール」
real_estate-4,q5,E,金利が下がっても返済額は変わらない「固定金利」制度
real_estate-5,q1,A,物件をいつどのように手放すかという計画
real_estate-5,q1,B,不動産会社に委託する管理方法
real_estate-5,q1,C,購入時の利回りの計算方法
real_estate-5,q1,D,ローンを借りる際の金融機関選び
real_estate-5,q1,E,物件を担保にして株式投資する方法
real_estate-5,q2,A,短期譲渡は約20％、長期譲渡は約40％課税される
real_estate-5,q2,B,短期譲渡は非課税、長期譲渡は約20％課税される
real_estate-5,q2,C,短期譲渡は約40％、長期譲渡は約20％課税される
real_estate-5,q2,D,保有期間に関係なく一律30％課税される
real_estate-5,q2,E,短期譲渡も長期譲渡も課税されない
real_estate-5,q3,A,年収の2〜3倍程度
real_estate-5,q3,B,年収の5倍程度
real_estate-5,q3,C,年収の8〜10倍程度
real_estate-5,q3,D,年収に関係なく無制限
real_estate-5,q3,E,年収の20倍以上
real_estate-5,q4,A,新築より資産価値の下落が早い
real_estate-5,q4,B,新築より資産価値の下落が緩やか
real_estate-5,q4,C,20年間で必ず価値が半分以下になる
real_estate-5,q4,D,資産価値は常に上昇する
real_estate-5,q4,E,築年数が古いほど必ず高く売れる
real_estate-5,q5,A,ローン返済期間を短縮できる
real_estate-5,q5,B,必ず家賃収入が倍増する
real_estate-5,q5,C,金利が一切かからなくなる
real_estate-5,q5,D,返済総額は変わらない
real_estate-5,q5,E,売却益を得られなくなる
real_estate-6,q1,A,投資家が直接不動産を購入して運営する仕組み
real_estate-6,q1,B,投資家から集めた資金で不動産投資法人が物件を運用し収益を分配する仕組み
real_estate-6,q1,C,銀行が保有する不動産を融資として提供する仕組み
real_estate-6,q1,D,国が管理する不動産に投資する仕組み
real_estate-6,q1,E,投資家が不動産を所有し自分で管理する仕組み
real_estate-6,q2,A,N-REIT
real_estate-6,q2,B,JP-Trust
real_estate-6,q2,C,J-REIT
real_estate-6,q2,D,J-Invest
real_estate-6,q2,E,Japan-Trust
real_estate-6,q3,A,配当は5年に1度まとめて支払われる
real_estate-6,q3,B,年に1回のみ支払われる
real_estate-6,q3,C,毎月必ず配当される
real_estate-6,q3,D,決算期から3ヶ月以内に支払われ、通常は年2回受け取れる
real_estate-6,q3,E,配当金は必ず固定額で支払われる
real_estate-6,q4,A,不動産会社を通じてのみ購入できる
real_estate-6,q4,B,REIT専用の銀行口座が必要である
real_estate-6,q4,C,国の専用窓口でのみ購入できる
real_estate-6,q4,D,証券取引所に上場しており株式と同様に売買できる
real_estate-6,q4,E,不動産を直接購入する必要がある
real_estate-6,q5,A,価格が常に一定で値動きしない
real_estate-6,q5,B,管理の手間が大きい
real_estate-6,q5,C,不動産の所有権を直接得られる
real_estate-6,q5,D,ローンを組んでレバレッジ効果を得られる
real_estate-6,q5,E,節税効果が少なく、レバレッジを使えない
inheritance-1,q1,A,亡くなった人の財産を国に引き渡すこと
inheritance-1,q1,B,亡くなった人の財産を親族や指定された人が引き継ぐこと
inheritance-1,q1,C,亡くなった人の借金をすべて放棄できる制度
inheritance-1,q1,D,亡くなった人の財産を慈善団体に寄付すること
inheritance-1,q1,E,亡くなった人の財産を兄弟姉妹だけで分けること
inheritance-1,q2,A,すべての子どもが平等に財産を相続した
inheritance-1,q2,B,長男が家のすべての権利と財産を単独で引き継いだ
inheritance-1,q2,C,長女が家を継ぐことが優先された
inheritance-1,q2,D,兄弟姉妹全員が均等に分け合った
inheritance-1,q2,E,妻だけが相続する制度だった
inheritance-1,q3,A,現金や不動産だけを指す
inheritance-1,q3,B,借金などの債務は含まれない
inheritance-1,q3,C,亡くなった人が所有していたすべての財産や権利義務
inheritance-1,q3,D,相続税の課税対象に限られる
inheritance-1,q3,E,不動産のみを指す
inheritance-1,q4,A,配偶者は常に相続人であり、第一順位は子ども、その子が亡くなっていれば孫が相続する
inheritance-1,q4,B,第一順位は両親、次に子ども、最後に兄弟姉妹である
inheritance-1,q4,C,配偶者は相続人とならない
inheritance-1,q4,D,第一順位は兄弟姉妹である
inheritance-1,q4,E,子どもよりも必ず親が優先される
inheritance-1,q5,A,自動的に親が代理できるため特別な手続きは不要
inheritance-1,q5,B,必ず家庭裁判所に特別代理人を申し立てる必要がある
inheritance-1,q5,C,親が相続人でも利益相反がなければ親が代理人になる
inheritance-1,q5,D,未成年者は相続権を持てない
inheritance-1,q5,E,兄弟姉妹が自動的に代理人となる
inheritance-2,q1,A,遺言者が全文・日付・氏名を自書し押印する必要がある
inheritance-2,q1,B,必ず公証人の立会いが必要である
inheritance-2,q1,C,全文をパソコンで作成することができる
inheritance-2,q1,D,封筒に入れて封印すれば署名は不要である
inheritance-2,q1,E,証人2人の署名があれば遺言者の署名は不要である
inheritance-2,q2,A,遺言者が全文を手書きする必要がある
inheritance-2,q2,B,遺言者の口述をもとに公証人が筆記し証人と署名押印する
inheritance-2,q2,C,遺言書を封筒に入れて封印することで成立する
inheritance-2,q2,D,必ず家庭裁判所の確認が必要である
inheritance-2,q2,E,証人は不要である
inheritance-2,q3,A,内容を秘密にできるが形式不備だと無効になるリスクがある
inheritance-2,q3,B,全文をパソコンで作成でき形式不備は無視できる
inheritance-2,q3,C,公証人は不要である
inheritance-2,q3,D,必ず相続人全員の同意が必要である
inheritance-2,q3,E,家庭裁判所での審判が必須である
inheritance-2,q4,A,配偶者と子ども2人なら配偶者2/3、子ども1/6ずつ
inheritance-2,q4,B,配偶者と親なら配偶者1/3、親2/3
inheritance-2,q4,C,配偶者と兄弟姉妹2人なら配偶者3/4、兄弟姉妹は各1/8
inheritance-2,q4,D,配偶者と子ども2人なら配偶者2/3、子どもは各1/6
inheritance-2,q4,E,配偶者と兄弟姉妹なら常に配偶者が全額を相続する
inheritance-2,q5,A,一部の相続人だけの合意で成立する
inheritance-2,q5,B,法定相続の割合に必ず従わなければならない
inheritance-2,q5,C,相続人全員の合意が必要で、合意がなければ無効になる
inheritance-2,q5,D,未成年者がいる場合でも代理人は不要である
inheritance-2,q5,E,協議内容は口頭でも記録不要である
inheritance-3,q1,A,国内の不動産のみ
inheritance-3,q1,B,借金や未払い金だけ
inheritance-3,q1,C,お墓や仏壇などの祭祀財産
inheritance-3,q1,D,国外の財産は対象外となる
inheritance-3,q1,E,現金や土地・株式など国内外のすべての財産
inheritance-3,q2,A,相続税の対象だが「法定相続人の数×500万円」まで非課税となる
inheritance-3,q2,B,相続人1人につき一律500万円が課税される
inheritance-3,q2,C,受取人が配偶者の場合のみ課税される
inheritance-3,q2,D,相続財産には含まれず課税対象外となる
inheritance-3,q2,E,全額が課税対象となる
inheritance-3,q3,A,"基礎控除額は常に一律5,000万円"
inheritance-3,q3,B,"1,000万円＋500万円×法定相続人の数"
inheritance-3,q3,C,相続財産総額の2割
inheritance-3,q3,D,"3,000万円＋600万円×法定相続人の数"
inheritance-3,q3,E,"5,000万円＋1,000万円×法定相続人の数"
inheritance-3,q4,A,配偶者は常に子どもと同じ割合で課税される
inheritance-3,q4,B,"配偶者が相続する財産が1億6,000万円以下または法定相続分以内なら非課税となる"
inheritance-3,q4,C,配偶者は常に相続税を全額免除される
inheritance-3,q4,D,"配偶者の控除額は一律5,000万円である"
inheritance-3,q4,E,配偶者の控除は存在しない
inheritance-3,q5,A,賃貸不動産の家賃収入に適用される
inheritance-3,q5,B,自宅や事業用の土地の評価額を最大8割減額できる
inheritance-3,q5,C,特例を受けた場合は申告が不要になる
inheritance-3,q5,D,現金の相続に適用される
inheritance-3,q5,E,全ての財産の評価額を自動的に半減できる
inheritance-4,q1,A,4月1日から翌年3月31日まで
inheritance-4,q1,B,1月1日から12月31日まで
inheritance-4,q1,C,贈与を受けた日から1年間
inheritance-4,q1,D,相続開始日から7年間
inheritance-4,q1,E,毎年4月から12月まで
inheritance-4,q2,A,50万円
inheritance-4,q2,B,100万円
inheritance-4,q2,C,110万円
inheritance-4,q2,D,250万円
inheritance-4,q2,E,500万円
inheritance-4,q3,A,18歳以上が直系尊属から贈与を受けた財産
inheritance-4,q3,B,20歳以上が兄弟姉妹から贈与を受けた財産
inheritance-4,q3,C,18歳以上が友人から贈与を受けた財産
inheritance-4,q3,D,未成年が親から贈与を受けた財産
inheritance-4,q3,E,配偶者が受け取った全ての財産
inheritance-4,q4,A,500万円
inheritance-4,q4,B,"1,000万円"
inheritance-4,q4,C,"2,500万円"
inheritance-4,q4,D,"3,000万円"
inheritance-4,q4,E,"5,000万円"
inheritance-4,q5,A,暦年課税と併用できる
inheritance-4,q5,B,一度選択すると暦年課税に戻せない
inheritance-4,q5,C,申告は不要である
inheritance-4,q5,D,贈与者の年齢や関係性は問われない
inheritance-4,q5,E,贈与額にかかわらず全て非課税である
hometown_tax-1,q1,A,地方の物価を下げるため
hometown_tax-1,q1,B,ふるさとへの恩返しを可能にするため
hometown_tax-1,q1,C,国が財政赤字を補うため
hometown_tax-1,q1,D,都市部での納税が禁止されたため
hometown_tax-1,q1,E,地方自治体の観光需要を高めるため
hometown_tax-1,q2,A,国から指定された地域にしか寄付できない
hometown_tax-1,q2,B,必ず生まれ育った地元に寄付する必要がある
hometown_tax-1,q2,C,応援したい地域や興味のある自治体を自由に選べる
hometown_tax-1,q2,D,返礼品が高額な自治体だけに寄付できる
hometown_tax-1,q2,E,寄付先は1自治体に限定される
hometown_tax-1,q3,A,2000円
hometown_tax-1,q3,B,2万5000円
hometown_tax-1,q3,C,2万8000円
hometown_tax-1,q3,D,1万5000円
hometown_tax-1,q3,E,3万円全額
hometown_tax-1,q4,A,寄付金額に応じて変動する
hometown_tax-1,q4,B,返礼品の数や自治体数によって2000円ずつ加算される
hometown_tax-1,q4,C,寄付回数が増えると2000円が累積する
hometown_tax-1,q4,D,返礼品の種類によって2000円が異なる
hometown_tax-1,q4,E,一律2000円であり、寄付先や返礼品数に関係ない
hometown_tax-1,q5,A,返礼品を受け取りつつ税金の控除を受けられる
hometown_tax-1,q5,B,寄付しても控除が受けられない
hometown_tax-1,q5,C,地域に寄付しても使い道を指定できない
hometown_tax-1,q5,D,寄付金はすべて国の一般会計に使われる
hometown_tax-1,q5,E,必ず同じ返礼品しか選べない
hometown_tax-2,q1,A,寄付する自治体を決める
hometown_tax-2,q1,B,確定申告を準備する
hometown_tax-2,q1,C,返礼品を選ぶ
hometown_tax-2,q1,D,ワンストップ特例を申請する
hometown_tax-2,q1,E,控除の上限額を確認する
hometown_tax-2,q2,A,返礼品の市場価格の変動
hometown_tax-2,q2,B,パートナーの収入や家族構成の変化
hometown_tax-2,q2,C,寄付を行った月の暦日数
hometown_tax-2,q2,D,寄付サイトのキャンペーン内容
hometown_tax-2,q2,E,寄付する自治体の人気ランキング
hometown_tax-2,q3,A,ふるさと納税以外で確定申告が不要な給与所得者
hometown_tax-2,q3,B,寄付自治体数が10を超えてもよい
hometown_tax-2,q3,C,誰でも無条件で利用できる
hometown_tax-2,q3,D,医療費控除や住宅ローン控除の申請をする人
hometown_tax-2,q3,E,個人事業主やフリーランスの納税者
hometown_tax-2,q4,A,当年12月31日必着
hometown_tax-2,q4,B,翌年2月末必着
hometown_tax-2,q4,C,翌年3月15日必着
hometown_tax-2,q4,D,翌年1月10日必着
hometown_tax-2,q4,E,期限は特に定められていない
hometown_tax-2,q5,A,控除を受ける方法はない
hometown_tax-2,q5,B,寄付した自治体に返金を依頼する
hometown_tax-2,q5,C,翌年のふるさと納税に繰り越す
hometown_tax-2,q5,D,追加で寄付をすれば自動的に控除される
hometown_tax-2,q5,E,確定申告を行う
mileage_trip-1,q1,A,飛行機の利用に関係なく自動的に毎月付与される
mileage_trip-1,q1,B,搭乗距離などの利用に応じて加算される
mileage_trip-1,q1,C,現金払いのときしか貯まらない
mileage_trip-1,q1,D,有料会員のみ貯めることができる
mileage_trip-1,q1,E,マイルはANAだけの専用制度である
mileage_trip-1,q2,A,航空会社が異なるから
mileage_trip-1,q2,B,出発空港が国際線だから
mileage_trip-1,q2,C,機材が大型だから
mileage_trip-1,q2,D,機内サービスが豪華だから
mileage_trip-1,q2,E,飛行距離が長いから
mileage_trip-1,q3,A,マイレージサービスに登録するだけで十分
mileage_trip-1,q3,B,航空会社の株を購入する
mileage_trip-1,q3,C,現金で航空券を買う
mileage_trip-1,q3,D,マイレージ機能付きのクレジットカードを活用する
mileage_trip-1,q3,E,出発時にカウンターで申請する
mileage_trip-1,q4,A,ワンワールド
mileage_trip-1,q4,B,グローバルネット
mileage_trip-1,q4,C,インフィニティクラブ
mileage_trip-1,q4,D,エアラインズユニオン
mileage_trip-1,q4,E,プレミアムアライアンス
mileage_trip-1,q5,A,どちらも日本国内の会社だから
mileage_trip-1,q5,B,ANAとユナイテッド航空が同じスターアライアンスに属しているから
mileage_trip-1,q5,C,両社が共同でマイレージカードを発行しているから
mileage_trip-1,q5,D,ユナイテッド航空のサービスはANAが運営しているから
mileage_trip-1,q5,E,ANAのマイルはすべての航空会社で共通だから
mileage_trip-2,q1,A,不動産の家賃収入を直接マイルに充当する
mileage_trip-2,q1,B,株式投資で得た配当をそのままマイルに換える
mileage_trip-2,q1,C,銀行の定期預金利息をマイルに変える
mileage_trip-2,q1,D,宝くじの当選金をマイルへ移行する
mileage_trip-2,q1,E,フライトやツアーに参加する
mileage_trip-2,q2,A,公共料金や家賃をクレジットカード払いにする
mileage_trip-2,q2,B,現金払いを徹底してレシートを集める
mileage_trip-2,q2,C,銀行引き落としを優先して支払う
mileage_trip-2,q2,D,SNSで紹介された人気ショップで買い物する
mileage_trip-2,q2,E,電子マネーにチャージするだけで自動的にマイルが付与される
mileage_trip-2,q3,A,100マイル
mileage_trip-2,q3,B,200マイル
mileage_trip-2,q3,C,250マイル
mileage_trip-2,q3,D,300マイル
mileage_trip-2,q3,E,500マイル
mileage_trip-2,q4,A,スモールシーズン・ラージシーズン
mileage_trip-2,q4,B,ローシーズン・レギュラーシーズン・ハイシーズン
mileage_trip-2,q4,C,通常期・特別期・割引期
mileage_trip-2,q4,D,ベーシックシーズン・エコノミーシーズン
mileage_trip-2,q4,E,ディスカウントシーズン・スペシャルシーズン
mileage_trip-2,q5,A,航空会社の株式に自動的に変換される
mileage_trip-2,q5,B,ANAはスカイコイン、JALはeJALポイントに交換して航空券購入時に使える
mileage_trip-2,q5,C,現金にそのまま換金できる
mileage_trip-2,q5,D,銀行口座に振り込まれる
mileage_trip-2,q5,E,他人のマイル口座に自由に振替できる
point_hacking-1,q1,A,専用のメールアドレスを作成する
point_hacking-1,q1,B,現金を事前に1万円分チャージする
point_hacking-1,q1,C,有料会員登録をする
point_hacking-1,q1,D,クレジットカードを必ず作る
point_hacking-1,q1,E,証券口座を開設する
point_hacking-1,q2,A,従業員の福利厚生のため
point_hacking-1,q2,B,新しい通貨を発行するため
point_hacking-1,q2,C,商品やサービスを宣伝するため
point_hacking-1,q2,D,政府の規制を守るため
point_hacking-1,q2,E,ポイントを紙幣に交換するため
point_hacking-1,q3,A,現金化・他社ポイント交換・マイル交換
point_hacking-1,q3,B,株式の購入限定
point_hacking-1,q3,C,不動産の購入資金のみ
point_hacking-1,q3,D,海外旅行チケット限定
point_hacking-1,q3,E,国の税金支払い専用
point_hacking-1,q4,A,1ポイント＝10円で交換できる
point_hacking-1,q4,B,手数料無料が多く、即日〜3営業日で処理される
point_hacking-1,q4,C,必ず1か月以上かかる
point_hacking-1,q4,D,高額利用者しか利用できない
point_hacking-1,q4,E,海外口座にしか出金できない
point_hacking-1,q5,A,現金払いと電子マネー払いの併用
point_hacking-1,q5,B,ポイントサイト経由＋ネットショッピング＋クレジットカード利用
point_hacking-1,q5,C,銀行出金と株式購入の同時利用
point_hacking-1,q5,D,マイルと仮想通貨の同時利用
point_hacking-1,q5,E,交通系ICカードと定期券の同時利用
point_hacking-2,q1,A,買い物の前に必ず現金払いにする
point_hacking-2,q1,B,ポイントサイトを経由して買い物をする
point_hacking-2,q1,C,クーポンを使わずに買い物をする
point_hacking-2,q1,D,友人に代わりに購入してもらう
point_hacking-2,q1,E,店舗受け取りを選ぶ
point_hacking-2,q2,A,請求するたびに手数料が必要となる
point_hacking-2,q2,B,必ず商品を購入しなければならない
point_hacking-2,q2,C,数百円〜数千円相当のポイントがもらえることがある
point_hacking-2,q2,D,資料を返送しないとポイントが付与されない
point_hacking-2,q2,E,請求から1年以上待たないとポイントが付与されない
point_hacking-2,q3,A,無料体験終了後に自動的に有料会員になる場合がある
point_hacking-2,q3,B,動画を視聴しないと解約できない
point_hacking-2,q3,C,無料期間中はポイントが付与されない
point_hacking-2,q3,D,必ず同じサービスを2回以上利用する必要がある
point_hacking-2,q3,E,登録には有料会員の紹介が必要である
point_hacking-2,q4,A,体験後に必ず商品の購入が義務付けられる
point_hacking-2,q4,B,口コミやアンケートを提出するとポイントがもらえる
point_hacking-2,q4,C,全ての案件が完全無料で利用できる
point_hacking-2,q4,D,飲食店に限定されている
point_hacking-2,q4,E,ポイント付与は現金払いに限られる
point_hacking-2,q5,A,税金控除が受けられなくなる
point_hacking-2,q5,B,返礼品の代わりにのみポイントがもらえる
point_hacking-2,q5,C,寄付金額が倍になってしまう
point_hacking-2,q5,D,現金での返礼が受けられる
point_hacking-2,q5,E,控除と返礼品に加えてポイントも付く
ai-1,q1,A,AIは日本語で人工知能と呼ばれる
ai-1,q1,B,AIはまだ実生活では使われていない
ai-1,q1,C,AIは必ず人間の仕事を奪う存在である
ai-1,q1,D,AIはChatGPTだけを指す言葉である
ai-1,q1,E,AIは一部の研究機関でしか利用できない
ai-1,q2,A,AIは仕事を奪うだけの存在である
ai-1,q2,B,AIは人間を支配するために作られている
ai-1,q2,C,AIはツールとして使いこなすことで生活や働き方を支えてくれる
ai-1,q2,D,AIは研究者以外には関係がない
ai-1,q2,E,AIは必ず社会に悪影響を及ぼす
ai-1,q3,A,法律で禁止されているため使われない
ai-1,q3,B,市場分析や顧客データの解析に活用される
ai-1,q3,C,主に人間の代わりに休憩を取る
ai-1,q3,D,電気料金の計算だけに限定される
ai-1,q3,E,AIを導入しても業務には影響しない
ai-1,q4,A,新しい技術はシェアが50％を超えると社会に大きな変化が起こる
ai-1,q4,B,新しい技術は必ず一時的なブームで終わる
ai-1,q4,C,新しい技術は普及しても社会に影響を与えない
ai-1,q4,D,新しい技術は普及率が20％を超えると衰退する
ai-1,q4,E,新しい技術は社会の変化とは無関係に存在する
ai-1,q5,A,AIは一部の専門家だけが学べばよい
ai-1,q5,B,AIは必ず生活を不便にする
ai-1,q5,C,学ばなくても自然に使えるようになる
ai-1,q5,D,AIは短期的な流行なので学ぶ必要はない
ai-1,q5,E,知らないままだと後に「やっておけばよかった」と後悔する可能性がある
ai-2,q1,A,生成AIの基盤技術・アプリケーション・導入支援サービスの3つに分けられる
ai-2,q1,B,AI市場は生成AIの基盤技術だけで構成されている
ai-2,q1,C,アプリケーション市場だけが存在し、基盤技術は含まれない
ai-2,q1,D,AI市場はソリューションサービスだけで成り立っている
ai-2,q1,E,生成AIとアプリケーションの区別はなく1つの市場である
ai-2,q2,A,TOYOTA
ai-2,q2,B,HONDA
ai-2,q2,C,NVIDIA
ai-2,q2,D,Meta
ai-2,q2,E,Anthropic
ai-2,q3,A,政府からの独占的な補助金を受けているから
ai-2,q3,B,AIを利用していないから
ai-2,q3,C,膨大な顧客データを保有しているから
ai-2,q3,D,自動車産業に集中しているから
ai-2,q3,E,全てのAI企業を買収しているから
ai-2,q4,A,使い方がわからないという不安
ai-2,q4,B,AIを使うと法律違反になるから
ai-2,q4,C,AIは日本語に対応していないから
ai-2,q4,D,AIの利用には必ず高額な費用がかかるから
ai-2,q4,E,AIはまだ日本では提供されていないから
ai-2,q5,A,AI開発企業の赤字をすべて補填する制度を設けている
ai-2,q5,B,個人がAIアプリを購入する費用を全額補助する制度を設けている
ai-2,q5,C,外国からAIを輸入する費用を国が負担する制度を設けている
ai-2,q5,D,AIを使わない企業に罰金を課す制度を設けている
ai-2,q5,E,企業がAI導入時の研修費用の最大75％を補助する制度を設けている
ai-3,q1,A,AIは疲れ知らずで知識を忘れず、人間の限界を超えられるから
ai-3,q1,B,AIは人間よりも睡眠を多く取るから
ai-3,q1,C,AIは常に正しい答えを出す魔法の道具だから
ai-3,q1,D,AIは人間の感情を完全に理解できるから
ai-3,q1,E,AIは動物の知能と同じ水準だから
ai-3,q2,A,インターネットに接続し常に最新情報を提供する
ai-3,q2,B,過去のデータをもとに新しい回答を確率的に作り出す
ai-3,q2,C,正解と不正解を瞬時に判断することができる
ai-3,q2,D,検索ツールとして正しい答えを探すことが目的である
ai-3,q2,E,人間の質問力に依存せずに常に完璧な答えを出す
ai-3,q3,A,ChatGPTはインターネット検索専用に作られたAIである
ai-3,q3,B,ChatGPTは画像生成に特化したAIである
ai-3,q3,C,ChatGPTはGPTというAIをチャット形式で使えるようにしたアプリケーションである
ai-3,q3,D,ChatGPTは生成AIそのものの総称である
ai-3,q3,E,ChatGPTは医師や弁護士だけが利用できる専門AIである
ai-3,q4,A,レオナルドはChatGPTの別名である
ai-3,q4,B,Canvaは検索エンジンとして使われる
ai-3,q4,C,CanvaはAIを搭載してプレゼン資料やデザインを自動生成できる
ai-3,q4,D,レオナルドは医療用に開発されたAIである
ai-3,q4,E,CanvaはAIを利用できないデザインアプリである
ai-3,q5,A,人間の質問力がなくても常に正しい判断を下せる
ai-3,q5,B,必ず同じ答えを出すのでテストの解答に最適である
ai-3,q5,C,検索エンジンの結果をそのまま表示する
ai-3,q5,D,投資の損益を必ず予測できる
ai-3,q5,E,遊園地の回り方を考えるなど日常生活に役立てられる
global_finance-1,q1,A,アジア諸国の中で最も高い結果だった
global_finance-1,q1,B,アジア諸国の中で最下位という結果だった
global_finance-1,q1,C,世界全体で最も高い評価を受けた
global_finance-1,q1,D,アメリカより高い水準だった
global_finance-1,q1,E,ヨーロッパよりも上位に入った
global_finance-1,q2,A,1989年は日本企業が上位に多く、2024年はアメリカ企業が中心になった
global_finance-1,q2,B,1989年はアメリカ企業が上位を独占し、2024年は日本企業が中心になった
global_finance-1,q2,C,1989年も2024年もほとんど同じ企業が上位を占めている
global_finance-1,q2,D,1989年は中国企業が中心で、2024年は日本企業が独占している
global_finance-1,q2,E,1989年はイギリス企業が中心で、2024年は韓国企業が中心になった
global_finance-1,q3,A,この20年間で日本は3.1倍、アメリカは1.5倍、イギリスは2.0倍
global_finance-1,q3,B,この20年間でアメリカは3.1倍、イギリスは2.0倍、日本は1.5倍
global_finance-1,q3,C,この20年間で日本は2.0倍、アメリカは1.5倍、イギリスは3.1倍
global_finance-1,q3,D,この20年間でアメリカは2.0倍、日本は3.1倍、イギリスは1.5倍
global_finance-1,q3,E,この20年間でアメリカ・イギリス・日本すべてが同じ成長率だった
global_finance-1,q4,A,手数料を前払いする仕組み
global_finance-1,q4,B,成果に応じて報酬が決まる「セイムボート」の考え方
global_finance-1,q4,C,運用側が常に固定報酬を得る仕組み
global_finance-1,q4,D,政府が一律で利回りを保証する仕組み
global_finance-1,q4,E,投資家が自由に手数料を決められる仕組み
global_finance-1,q5,A,日本は預貯金が多く、アメリカは株式や投資信託が多い
global_finance-1,q5,B,日本は株式が多く、アメリカは預貯金が中心である
global_finance-1,q5,C,イギリスは預貯金が中心で、長期的な運用はほとんど行われていない
global_finance-1,q5,D,アメリカは保険が中心で、日本は株式が中心である
global_finance-1,q5,E,日本・アメリカ・イギリスはすべて同じ構成比率である
global_finance-2,q1,A,経済が完全に安定しているため
global_finance-2,q1,B,物価上昇や経済の不安定さが伴うため
global_finance-2,q1,C,金利が高いほど必ず安心できるため
global_finance-2,q1,D,政府が全額保証しているため
global_finance-2,q1,E,物価は常に下がるため
global_finance-2,q2,A,0.2％まで引き上げられ、以前の0.001％から大幅に上昇したが、依然として低水準である
global_finance-2,q2,B,1％まで上昇し、世界的にも高水準になった
global_finance-2,q2,C,0.001％のままでほとんど変わっていない
global_finance-2,q2,D,5％を超えて世界トップ水準になった
global_finance-2,q2,E,2％程度でアメリカと同じ水準になった
global_finance-2,q3,A,65〜69歳の就業率は20％以下で、他国より低い
global_finance-2,q3,B,70歳以上は全員退職しているため就業率はゼロに近い
global_finance-2,q3,C,65〜69歳の就業率は52.9％で、他国と比べても高い水準である
global_finance-2,q3,D,60代後半の就業率は世界平均と同じ約30％である
global_finance-2,q3,E,日本の高齢者はほとんど働かず年金で生活している
global_finance-2,q4,A,掛け金の105％が必ず保証される
global_finance-2,q4,B,国が全額保証するためリスクはない
global_finance-2,q4,C,18歳から65歳まで給与から自動的に拠出され、本人が運用先を選べる
global_finance-2,q4,D,60歳以上しか加入できない
global_finance-2,q4,E,一度拠出すると引き出せないまま終身拘束される
global_finance-2,q5,A,良い大学・企業・退職金で自動的に安心できる
global_finance-2,q5,B,国がすべてを保証してくれるので準備は不要
global_finance-2,q5,C,老後の資金は平均寿命が短いため心配いらない
global_finance-2,q5,D,老後の資金は自分で考え、準備する必要がある
global_finance-2,q5,E,退職後は必ず年金だけで生活できる
global_finance-3,q1,A,全ての学年で金融教育が必修化されている
global_finance-3,q1,B,小学校高学年から金融教育が導入されている
global_finance-3,q1,C,家庭科の時間で十分に金融教育を学べる
global_finance-3,q1,D,金融教育の授業はほとんど行われていない
global_finance-3,q1,E,世界でも最も金融教育が進んでいる
global_finance-3,q2,A,投資に関する情報が多すぎて混乱しているため
global_finance-3,q2,B,幼少期から金融教育を受けていないため
global_finance-3,q2,C,海外の制度を利用できないため
global_finance-3,q2,D,銀行預金の金利が高いため
global_finance-3,q2,E,学校で株式投資を禁止されているため
global_finance-3,q3,A,株式の売買実習のみを行う
global_finance-3,q3,B,老後資金や住宅ローン、保険、収支計画など幅広く学ぶ
global_finance-3,q3,C,仮想通貨の取引を中心に学ぶ
global_finance-3,q3,D,お年玉の使い方だけを学ぶ
global_finance-3,q3,E,金融教育は中学校以降にしか行われない
global_finance-3,q4,A,高校1年生の家庭科で義務化され、年間70時間のうち約8時間が金融教育に充てられる
global_finance-3,q4,B,高校3年生の数学で義務化され、年間50時間のすべてが金融教育に充てられる
global_finance-3,q4,C,高校1年生の社会科で義務化され、年間30時間が金融教育に充てられる
global_finance-3,q4,D,高校2年生の家庭科で任意に導入され、希望者のみが受けられる
global_finance-3,q4,E,日本では高校での金融教育はまだ始まっていない
global_finance-3,q5,A,日本では小学校から老後資金や住宅ローンを学べる
global_finance-3,q5,B,アメリカでは金融教育は大学から、日本では小学校から始まる
global_finance-3,q5,C,イギリスでは3歳から、アメリカでは10歳から金融教育が始まるが、日本では高校から義務化された
global_finance-3,q5,D,日本はすでに欧米より金融教育が進んでいる
global_finance-3,q5,E,海外では金融教育を行っていない
kids_money_education-1,q1,A,物々交換から始まり、貴金属を経て紙幣や硬貨になった
kids_money_education-1,q1,B,最初から紙幣や硬貨が使われていた
kids_money_education-1,q1,C,電子マネーが最初に誕生し、その後に紙幣が作られた
kids_money_education-1,q1,D,日本政府が明治時代に突然紙幣制度を導入した
kids_money_education-1,q1,E,アメリカで発明されたドル紙幣が世界に広がった
kids_money_education-1,q2,A,日本通貨券
kids_money_education-1,q2,B,日本証券券
kids_money_education-1,q2,C,財務省券
kids_money_education-1,q2,D,中央銀行貨幣
kids_money_education-1,q2,E,日本銀行券
kids_money_education-1,q3,A,輸出が増えたことで経済が成長した
kids_money_education-1,q3,B,物価が下がり続け、生活が安定した
kids_money_education-1,q3,C,貨幣価値が上がり、通貨1枚で家が買えるようになった
kids_money_education-1,q3,D,去年1万円で買えたものが、翌年には何百万円もしないと買えなくなった
kids_money_education-1,q3,E,政府が発行する紙幣の信用が高まった
kids_money_education-1,q4,A,紙幣を集めると自動的に価値が増えるから
kids_money_education-1,q4,B,物の違いを数値（価格）で比べられるから
kids_money_education-1,q4,C,お金自体の価値が毎年上がっていくから
kids_money_education-1,q4,D,政府がすべての商品の価格を決めているから
kids_money_education-1,q4,E,お金を使えば物の価値が必ず上がるから
kids_money_education-1,q5,A,お金は国境を越えてすべて同じ価値を持つ
kids_money_education-1,q5,B,お金は常に価値が上がり続ける
kids_money_education-1,q5,C,お金はキャッシュレス化でなくなりつつある
kids_money_education-1,q5,D,お金そのものに絶対的な価値がある
kids_money_education-1,q5,E,お金は単なる紙や金属だが、信用によって価値が生まれる
kids_money_education-2,q1,A,小学生は3千円程度、中学生は6千円程度、高校生は1万円程度が多い
kids_money_education-2,q1,B,小学生低学年は千円程度、中学生は3千円台、高校生は6千円台が多い
kids_money_education-2,q1,C,小学生低学年はゼロ円、中学生は5千円、高校生はアルバイト代のみが一般的
kids_money_education-2,q1,D,小学生は5千円、中学生は1万円、高校生は2万円が平均
kids_money_education-2,q1,E,学年ごとに差はなく、全年齢で一律5千円が平均
kids_money_education-2,q2,A,アメリカではアルバイト禁止のためお小遣いは定額制が主流
kids_money_education-2,q2,B,イギリスでは「ノージョブノーマネー」という考え方で手伝いを通じてお金を得る
kids_money_education-2,q2,C,スイスでは家庭でお小遣い制度は存在せず、全て学校で金銭教育を行う
kids_money_education-2,q2,D,アメリカではお小遣いは必ず親から前借りする仕組みがある
kids_money_education-2,q2,E,イギリス・スイスでは共に定額制のみが採用されている
kids_money_education-2,q3,A,お金を4つの用途に分けて管理できる
kids_money_education-2,q3,B,暗証番号を入れないと開かない仕組みになっている
kids_money_education-2,q3,C,銀行口座と自動連携して残高を管理する
kids_money_education-2,q3,D,デジタルアプリとしてのみ利用できる
kids_money_education-2,q3,E,海外旅行でのみ使える特殊な貯金箱である
kids_money_education-2,q4,A,体調不良時でも収入が増える
kids_money_education-2,q4,B,働かなくてもお金を得られる喜びを感じられる
kids_money_education-2,q4,C,毎月安定した金額をもらえるため計画的に使う力が育つ
kids_money_education-2,q4,D,お小遣いがもらえない時にお手伝いを避ける習慣がつく
kids_money_education-2,q4,E,お手伝いの成果に応じて必ず金額が変動する
kids_money_education-2,q5,A,キャッシュレスにすると必ず浪費癖がつく
kids_money_education-2,q5,B,キャッシュレスだけで十分で現金を扱う経験は不要だと思い込む
kids_money_education-2,q5,C,子どもがスマホを持っていないと絶対に利用できない
kids_money_education-2,q5,D,キャッシュレスは海外でしか利用できない
kids_money_education-2,q5,E,キャッシュレスではなく現金で渡す経験も大切である
kids_money_education-3,q1,A,ただ金額を決めて渡すこと
kids_money_education-3,q1,B,親の収入に応じて自動的に決めること
kids_money_education-3,q1,C,将来のお金との向き合い方の土台を作ること
kids_money_education-3,q1,D,子どもが欲しがるものを買えるようにすること
kids_money_education-3,q1,E,SNSで話題のお小遣い額を参考にすること
kids_money_education-3,q2,A,「うちはお金がないから」と言い続けるとお金に前向きになれる
kids_money_education-3,q2,B,「お金は人を自由にする」と言うと子どもが浪費しやすくなる
kids_money_education-3,q2,C,否定的な表現を繰り返すとお金に対して不安や制限を感じやすくなる
kids_money_education-3,q2,D,「夢を自由に語ろう」と言うと現実感を失いやすい
kids_money_education-3,q2,E,口ぐせは子どものお金観には影響しない
kids_money_education-3,q3,A,得られる効果や意味で選ぶこと
kids_money_education-3,q3,B,安いものを選ぶこと
kids_money_education-3,q3,C,高いものを選ぶこと
kids_money_education-3,q3,D,友達と同じものを選ぶこと
kids_money_education-3,q3,E,欲しいものをすぐ選ぶこと
kids_money_education-3,q4,A,お小遣いの額が自然に増える
kids_money_education-3,q4,B,計画性を育てる力につながる
kids_money_education-3,q4,C,欲しいものを我慢することが正解だと学べる
kids_money_education-3,q4,D,常に必要なものだけ買う習慣がつく
kids_money_education-3,q4,E,お金の価値を軽く考えるようになる
kids_money_education-3,q5,A,丁寧に書かせるために毎回指摘する
kids_money_education-3,q5,B,金額の使い方を細かく問い詰める
kids_money_education-3,q5,C,書き方に問題があれば追加でお小遣いを渡す
kids_money_education-3,q5,D,お小遣い帳は不要なので書かせない
kids_money_education-3,q5,E,まずは黙って見守り、困ったときは一緒に考える
fx-1,q1,A,日本市場の営業時間内のみ取引可能である
fx-1,q1,B,平日24時間取引可能だが土日は市場が閉まっている
fx-1,q1,C,日本とアメリカの祝日は取引が全面的に停止する
fx-1,q1,D,土日も暗号資産は必ず取引できる
fx-1,q1,E,早朝の時間帯は必ず値動きが止まる
fx-1,q2,A,円・ドル・ユーロなどの通貨のみ
fx-1,q2,B,株式や投資信託などの金融商品
fx-1,q2,C,通貨に加え暗号資産や資源も対象になる
fx-1,q2,D,不動産や自動車などの現物資産
fx-1,q2,E,日本国内の銀行預金残高
fx-1,q3,A,投資家の意思でのみ発動できる仕組みである
fx-1,q3,B,一定の証拠金維持率を下回ると強制的に決済される
fx-1,q3,C,利益を確定させるための決済方法である
fx-1,q3,D,国内では利用できない仕組みである
fx-1,q3,E,適用されれば必ず損失がゼロになる
fx-1,q4,A,FX会社が提供する取引ツールのこと
fx-1,q4,B,通貨の売値と買値の差を指し実質的な手数料となる
fx-1,q4,C,為替の変動幅を表す単位のこと
fx-1,q4,D,レバレッジの倍率を示す指標のこと
fx-1,q4,E,必要証拠金を指す専門用語
fx-1,q5,A,生活費の一部を充てる資金
fx-1,q5,B,他の投資で損をした分を取り返すための資金
fx-1,q5,C,借入金を利用した資金
fx-1,q5,D,生活に支障のない余剰資金
fx-1,q5,E,退職金の全額
fx-2,q1,A,銀行の利息によって決まる
fx-2,q1,B,通貨の変動幅によって決まる
fx-2,q1,C,政府の政策発表だけで決まる
fx-2,q1,D,手数料の高さだけで決まる
fx-2,q1,E,時間帯にかかわらず常に一定で決まる
fx-2,q2,A,価格が下がることを予想して売り注文から始める取引
fx-2,q2,B,必ず通貨を保有してから売る取引
fx-2,q2,C,価格が上がることを予想して買い注文から始める取引
fx-2,q2,D,手数料を払わずに取引する方法
fx-2,q2,E,日本国内では禁止されている取引
fx-2,q3,A,10倍
fx-2,q3,B,50倍
fx-2,q3,C,25倍
fx-2,q3,D,100倍
fx-2,q3,E,無制限
fx-2,q4,A,元本そのものが増える仕組みである
fx-2,q4,B,利益だけが大きくなり、損失には影響しない
fx-2,q4,C,証拠金に倍率をかけ、大きな取引を可能にする
fx-2,q4,D,常に安全性が高い取引方法である
fx-2,q4,E,日本ではレバレッジの上限は無制限である
fx-2,q5,A,利益だけが大きくなる
fx-2,q5,B,損失の可能性も同じように大きくなる
fx-2,q5,C,証拠金そのものが自動的に増える
fx-2,q5,D,レバレッジをかければ損失はゼロになる
fx-2,q5,E,元本が保証されている
fx-3,q1,A,必ず長期的に保有すること
fx-3,q1,B,勘や思い込みで取引してしまうこと
fx-3,q1,C,銀行を通じてしか取引できないこと
fx-3,q1,D,必ず利益が保証されていると思うこと
fx-3,q1,E,ドル円以外の通貨を使えないこと
fx-3,q2,A,その日の気分でレバレッジを決める
fx-3,q2,B,必ず大きな通貨ペアに投資する
fx-3,q2,C,自分の取引ルールを決めて守る
fx-3,q2,D,常にポジションを持ち続ける
fx-3,q2,E,勝つまで取引をやめない
fx-3,q3,A,必ず利益が分散して安定する
fx-3,q3,B,損失が積み重なり、大きな損失につながる
fx-3,q3,C,為替レートの変動がなくなる
fx-3,q3,D,自動的にプロのような運用ができる
fx-3,q3,E,通貨の知識がなくても勝てるようになる
fx-3,q4,A,毎回全資金を投入する
fx-3,q4,B,必ず深夜に取引する
fx-3,q4,C,取引のたびにルールを変える
fx-3,q4,D,損切りラインをあらかじめ決める
fx-3,q4,E,為替ニュースを一切見ない
fx-3,q5,A,最初に取り組むべき投資手法
fx-3,q5,B,生活費を使って挑戦するべき投資
fx-3,q5,C,資産形成の土台ができてから余剰資金で行うもの
fx-3,q5,D,詐欺ツールを利用してでも利益を出すもの
fx-3,q5,E,必ず誰でも成功できる投資手段
crypto-1,q1,A,日本円やドルのように紙幣で発行されるお金
crypto-1,q1,B,インターネット上で使うデジタルのお金
crypto-1,q1,C,金やプラチナを裏付けとする物理資産
crypto-1,q1,D,政府が管理する電子マネー
crypto-1,q1,E,銀行口座にのみ存在する電子預金
crypto-1,q2,A,フラットコイン
crypto-1,q2,B,デジタル証券
crypto-1,q2,C,アルトコイン
crypto-1,q2,D,トークン
crypto-1,q2,E,ステーブルマネー
crypto-1,q3,A,トークン
crypto-1,q3,B,アルトコイン
crypto-1,q3,C,ステーブルマネー
crypto-1,q3,D,デジタル証券
crypto-1,q3,E,フラットコイン
crypto-1,q4,A,クラウドウォレット
crypto-1,q4,B,ホットウォレット
crypto-1,q4,C,モバイルウォレット
crypto-1,q4,D,コールドウォレット
crypto-1,q4,E,デスクトップウォレット
crypto-1,q5,A,利益はすべて非課税で申告不要
crypto-1,q5,B,法人のみ課税対象になる
crypto-1,q5,C,年間20万円以上の利益が出た場合、雑所得として申告が必要
crypto-1,q5,D,海外取引分は課税されない
crypto-1,q5,E,必ず住民税だけが課税される
crypto-2,q1,A,データをブロック単位にまとめ、チェーンのようにつなげて管理する技術
crypto-2,q1,B,紙に印刷して記録を残す技術
crypto-2,q1,C,データを一台の中央サーバーだけで管理する技術
crypto-2,q1,D,画像や動画を高画質化する技術
crypto-2,q1,E,人工知能でデータを自動生成する技術
crypto-2,q2,A,銀行やSNS、配送業者
crypto-2,q2,B,ブロックチェーン
crypto-2,q2,C,メタマスク
crypto-2,q2,D,ペーパーウォレット
crypto-2,q2,E,NFTマーケットプレイス
crypto-2,q3,A,中央機関を介さずにデータを共有できる
crypto-2,q3,B,一部のサーバーがダウンしても復旧できる
crypto-2,q3,C,データの改ざんが難しい
crypto-2,q3,D,一台のサーバーが停止すると全体が利用できなくなる
crypto-2,q3,E,すべてのコンピュータで同じデータを共有する
crypto-2,q4,A,ブロックチェーンそのものがハッキングされた
crypto-2,q4,B,取引所の中央サーバーがハッキングされた
crypto-2,q4,C,ユーザーが自分の秘密鍵を全員公開した
crypto-2,q4,D,すべてのブロックが同時に消失した
crypto-2,q4,E,国家がブロックチェーンを停止させた
crypto-2,q5,A,暗号資産はブロックチェーン上で管理され、取引所は中央集権型システムを採用している
crypto-2,q5,B,暗号資産も取引所もどちらも中央集権型システムで管理されている
crypto-2,q5,C,暗号資産は紙媒体で管理され、取引所は分散型台帳を使っている
crypto-2,q5,D,暗号資産は国家が直接管理している
crypto-2,q5,E,暗号資産はインターネットを使わずに流通している
crypto-3,q1,A,暗号資産で自動車免許が取得できる
crypto-3,q1,B,ビックカメラでビットコイン決済が可能
crypto-3,q1,C,公立病院の診療費をビットコインで支払える
crypto-3,q1,D,公共料金の支払いに暗号資産を使う
crypto-3,q1,E,教科書を暗号資産で購入する
crypto-3,q2,A,2021年にビットコインを法定通貨に採用したが、2025年現在では事実上終了している
crypto-3,q2,B,2015年に世界で初めてマイニングを開始した
crypto-3,q2,C,2023年にアメリカドルを廃止して完全にビットコインへ移行した
crypto-3,q2,D,ヨーロッパ諸国と同時にビットコインを導入した
crypto-3,q2,E,現在も全ての国民が義務的にビットコインを使用している
crypto-3,q3,A,資産を一か所にまとめずに管理すること
crypto-3,q3,B,コールドウォレットやペーパーウォレットで保管すること
crypto-3,q3,C,アドレス入力を慎重に確認すること
crypto-3,q3,D,毎日の価格変動に合わせて頻繁に売買を繰り返すこと
crypto-3,q3,E,取引所のハッキングリスクに備えること
crypto-3,q4,A,インターネットに接続されず、ハッキングリスクを抑えられる
crypto-3,q4,B,すぐにSNSに投稿できる
crypto-3,q4,C,自動的に価格変動を止められる
crypto-3,q4,D,国の補償が必ず受けられる
crypto-3,q4,E,常に無制限で増える
crypto-3,q5,A,生活費をすべて暗号資産に投じる
crypto-3,q5,B,短期間で大きな利益を狙う
crypto-3,q5,C,余剰資金のさらに余剰金で行う
crypto-3,q5,D,必ず借金をして資産を増やす
crypto-3,q5,E,国の制度で必ず利益が保証される
nft-1,q1,A,誰でも無料で使える通貨
nft-1,q1,B,デジタル版の鑑定書付きアイテム
nft-1,q1,C,ゲームの名前
nft-1,q1,D,インターネットそのもの
nft-1,q1,E,仮想通貨の別名
nft-1,q2,A,情報を安全に記録し、改ざんが困難だから
nft-1,q2,B,誰でも自由に書き換えできるから
nft-1,q2,C,データが自動的に消えるから
nft-1,q2,D,インターネットに接続できないから
nft-1,q2,E,金属でできているから
nft-1,q3,A,誰でも無料でコピーできること
nft-1,q3,B,色やデザインを自由に変えられること
nft-1,q3,C,使用期限があること
nft-1,q3,D,インターネットがなくても利用できること
nft-1,q3,E,所有権や本物である証明が付与されること
nft-1,q4,A,農業用機械のレンタル
nft-1,q4,B,医療機器の開発
nft-1,q4,C,デジタルアートやゲームアイテム
nft-1,q4,D,自動車販売や住宅ローン
nft-1,q4,E,宇宙探査
nft-1,q5,A,NFTはデジタル資産を指し、メタバースはデジタル空間を指す
nft-1,q5,B,NFTは場所を指し、メタバースは通貨を指す
nft-1,q5,C,NFTはインターネット、メタバースはAIを指す
nft-1,q5,D,NFTはスマホ、メタバースはアプリを指す
nft-1,q5,E,NFTは国、メタバースは都市を指す
nft-2,q1,A,ドル
nft-2,q1,B,ビットコイン
nft-2,q1,C,イーサリアム
nft-2,q1,D,円
nft-2,q1,E,ポイントカード
nft-2,q2,A,必ず値上がりするので早く買う
nft-2,q2,B,偽物が出回っているため、本物かどうかを確認する
nft-2,q2,C,どの作品も本物なので安心
nft-2,q2,D,購入後は必ず転売しなければならない
nft-2,q2,E,価格交渉は一切できない
nft-2,q3,A,アーティストへの寄付金
nft-2,q3,B,マーケットの入場料
nft-2,q3,C,イーサリアムに取引データを書き込む際の手数料
nft-2,q3,D,NFTを保存するための家賃
nft-2,q3,E,毎月自動で引かれる利用料
nft-2,q4,A,SNSのアイコンに使える
nft-2,q4,B,必ず高額で売れる
nft-2,q4,C,自動的に家賃収入が入る
nft-2,q4,D,現実の土地がもらえる
nft-2,q4,E,税金が免除される
nft-2,q5,A,天気予報や気象観測
nft-2,q5,B,農業の肥料購入
nft-2,q5,C,自動車の給油
nft-2,q5,D,不動産や地方創生
nft-2,q5,E,電車の乗車券
nft-3,q1,A,必ず価格が上昇すること
nft-3,q1,B,詐欺サイトの存在
nft-3,q1,C,現実の土地がもらえること
nft-3,q1,D,税金が一切かからないこと
nft-3,q1,E,ログイン不要で取引できること
nft-3,q2,A,一度払えば永久に不要
nft-3,q2,B,現金でしか支払えない
nft-3,q2,C,取引が活発になると高騰する
nft-3,q2,D,常に無料である
nft-3,q2,E,国ごとに固定額が決まっている
nft-3,q3,A,NFTを持つと絶対に盗まれない
nft-3,q3,B,NFT自体は改ざんに強いが、運営会社がハッキングされる可能性がある
nft-3,q3,C,NFTそのものは簡単に改ざんできる
nft-3,q3,D,ブロックチェーンは常に停止する
nft-3,q3,E,NFTはインターネット接続が不要
nft-3,q4,A,コールドウォレットは必ず有料だがペーパーは無料
nft-3,q4,B,ペーパーウォレットは破れない
nft-3,q4,C,ペーパーウォレットは紙に記録し、コールドウォレットは専用デバイスに保存する
nft-3,q4,D,両方とも常にオンラインで管理する
nft-3,q4,E,どちらもスマホアプリとして提供される
nft-3,q5,A,借金をしてでも買う
nft-3,q5,B,短期間で億り人になれると期待する
nft-3,q5,C,全財産をNFTに変える
nft-3,q5,D,必ず価値が上がると信じて買う
nft-3,q5,E,資産形成を優先し、余剰資金で挑戦する
metaverse-1,q1,A,meta（未来）＋ version（版）
metaverse-1,q1,B,meta（仮想）＋ verse（詩）
metaverse-1,q1,C,meta（超越）＋ universe（宇宙）
metaverse-1,q1,D,mega（巨大）＋ universe（宇宙）
metaverse-1,q1,E,media（媒体）＋ universe（宇宙）
metaverse-1,q2,A,人工知能そのもの
metaverse-1,q2,B,最新のスマートフォン端末
metaverse-1,q2,C,現実世界の物理空間
metaverse-1,q2,D,インターネット上の仮想空間
metaverse-1,q2,E,特定のSNSサービス
metaverse-1,q3,A,教育現場で歴史的な場所を仮想体験できる
metaverse-1,q3,B,仮想空間で天候を自由に変えられる
metaverse-1,q3,C,必ず海外旅行が無料になる
metaverse-1,q3,D,現実の街の交通渋滞がなくなる
metaverse-1,q3,E,仮想空間で必ず有名人に会える
metaverse-1,q4,A,567億ドル
metaverse-1,q4,B,1000億ドル
metaverse-1,q4,C,5078億ドル
metaverse-1,q4,D,1兆ドル
metaverse-1,q4,E,10兆ドル
metaverse-1,q5,A,SNS事業をやめるため
metaverse-1,q5,B,メタバース開発を事業の中心に据えるため
metaverse-1,q5,C,社員数を減らすため
metaverse-1,q5,D,広告収入をなくすため
metaverse-1,q5,E,株価を下げるため
metaverse-2,q1,A,デジタルデータを無限にコピーできるようにするため
metaverse-2,q1,B,ブロックチェーンを使ってデジタルアイテムの所有権を証明できるため
metaverse-2,q1,C,仮想通貨の価格を安定させるため
metaverse-2,q1,D,メタバース内で匿名性を完全に保証するため
metaverse-2,q1,E,現実世界の不動産価格を下げるため
metaverse-2,q2,A,仮想空間で土地や不動産を購入して店舗を運営する
metaverse-2,q2,B,現実世界の土地をすべてデジタルに変換する
metaverse-2,q2,C,ゲーム機を不要にする
metaverse-2,q2,D,必ず収益が得られる仕組みを保証する
metaverse-2,q2,E,仮想空間に住民票を移す
metaverse-2,q3,A,仮想空間で試着してから現実の商品を購入する
metaverse-2,q3,B,仮想空間で架空の惑星を探検する
metaverse-2,q3,C,仮想空間で歴史上の出来事を追体験する
metaverse-2,q3,D,仮想空間で自分だけの街を作って歩く
metaverse-2,q3,E,仮想空間で好きなキャラクターと会話する
metaverse-2,q4,A,プライバシー侵害のリスク
metaverse-2,q4,B,ハッキングや不正アクセスによる資産盗難
metaverse-2,q4,C,仮想空間への過度な没頭によるメンタルへの影響
metaverse-2,q4,D,法律や倫理整備の遅れによるトラブル
metaverse-2,q4,E,メタバースを利用すると現実の家賃が上がるリスク
metaverse-2,q5,A,流行にすぐ乗って積極的に投資すること
metaverse-2,q5,B,メタバースを使わずに避けること
metaverse-2,q5,C,リスクを理解し、長期的視点で判断すること
metaverse-2,q5,D,仮想空間に生活の全てを移すこと
metaverse-2,q5,E,法律が整うまで関わらないこと