id,testId,order,text,explanation,correctKey
q1,mindset-1,1,日本人が将来のお金に不安を抱く大きな要因として、動画で挙げられていたものはどれでしょうか？,不安の背景には「物価上昇・超高齢化社会・人口減少」という3つの要因があります。物価が上がれば生活費が圧迫され、高齢化や人口減少は年金や医療制度に負担をかけ、将来の安心が揺らぎます。,A
q2,mindset-1,2,2012年から始まったアベノミクスで掲げられた物価上昇の目標はどれでしょうか？,アベノミクスでは「年間2%の物価上昇」を目標に掲げました。近年はその目標に沿って物価が徐々に上昇しています。,B
q3,mindset-1,3,動画で説明されていた「2040年問題」とは何を指す言葉でしょうか？,高齢者が急増すると年金や医療費の負担が現役世代に重くのしかかり、社会保障制度が維持しにくくなるため、大きな経済課題となります。,B
q4,mindset-1,4,高齢者の医療費負担について正しいのはどれでしょうか？,以前は高齢者は原則1割負担でしたが、現在は所得がある人は3割負担となります。医療費が無料や一律というのは誤解です。高齢化に伴い、医療費負担は増加し続けることが社会の課題です。,C
q5,mindset-1,5,動画で述べられていた「お金の勉強の最優先事項」として最も重視されていたのはどれでしょうか？,「まずお金に対する考え方や価値観を整えること」が最優先とです。投資や節約のスキルは役立ちますが、土台となる考え方がなければ予想外の事態に対応できません。,D
q1,mindset-2,1,総務省の資料によると、老後の生活費は単身世帯で月いくら程度必要とされているでしょうか？,単身世帯は月およそ16万円、夫婦では27万円必要です。年金だけでは生活費をまかなえず、不足分を準備する必要があります。,C
q2,mindset-2,2,日本人の平均寿命はどの組み合わせでしょうか？,日本人の平均寿命は女性88歳、男性83歳です。さらに女性の死亡率が最も高い年齢は93歳であり、長生きするほど老後資金は多く必要になります。,B
q3,mindset-2,3,95歳まで生きると仮定した場合、夫婦で必要とされる生活費はおよそいくらでしょうか？,夫婦で95歳まで生きると生活費はおよそ9700万円必要と言われています。長寿化が進むことで「老後2000万円問題」では足りない現実が浮き彫りになります。,D
q4,mindset-2,4,年金の平均受給額について正しいのはどれでしょうか？,営業の平均受給額は月5.5万円、会社員の平均受給額は月14.4万円です。基礎年金と厚生年金の仕組みによって金額が異なり、生活費に大きな不足が生じます。,B
q5,mindset-2,5,およその生活費と平均年金額の差から、老後資金として最低どれくらい不足するとされていますか？,生活費と年金額の差から、最低でも4000万円不足します。さらにインフレや円安が進めば、必要な資金はより大きくなる可能性があります。,C
q1,mindset-3,1,時間の使い方を分類する「時間のマトリックス」において、お金の勉強が位置づけられるのはどの領域でしょうか？,お金の勉強は「第2領域（緊急ではないが重要なこと）」に分類されます。老後資金や資産形成は今すぐの課題ではなくても、早く始めることで将来の負担を軽減できます。,B
q2,mindset-3,2,第1領域と第2領域の関係について正しいのはどれでしょうか？,第2領域で準備や予防を行えば、第1領域の「緊急かつ重要」な事態を減らせます。病気予防の例と同じように、資産形成も早く取り組むことで将来の問題を小さくできます。,B
q3,mindset-3,3,統計的に「お金の勉強をやったほうがいい」と分かっていても行動しない人はどのくらいとされていますか？,約7割の人は「やったほうがいい」と理解していても実際には行動していません。知識と行動のギャップを埋めるためには、学びを継続する仕組みが大切です。,C
q4,mindset-3,4,資産形成を始める前に土台として必要なことは何でしょうか？,まず収入と支出を把握し、管理できることが資産形成の土台です。管理できていない状態で投資を始めると、不安や焦りが先行して継続が難しくなります。,B
q5,mindset-3,5,「お金に自信がある人」と「お金に自信がない人」の違いとして動画で説明されていたのはどれでしょうか？,お金の自信は収入や投資額の大小ではなく、「自分で管理・コントロールできているかどうか」で決まります。土台を整えることが長期的な安心につながります。,D
q1,mindset-4,1,資産形成の土台となるお金の流れは「稼ぐ・貯める・使う」です。安定的に資産を増やすために正しい順番はどれでしょうか？,多くの人は「稼ぐ→使う→余ったら貯める」と考えがちですが、それでは安定しません。正しい流れは「稼ぐ→貯める→使う」であり、先取り貯蓄が土台になります。その上で、「守る」＋「増やす」でお金の５サイクルを回していきましょう！,B
q2,mindset-4,2,投資を行う際の考え方として誤っているのはどれでしょうか？,投資にはリスクが伴うため、全額を投資に回すのは誤りです。生活費を残す・家計を見直す・税金の知識を持つことなどは、すべて資産を守るために有効です。,D
q3,mindset-4,3,理想的なお金の使い方として、手取り金額の何％で生活できると「非常に優秀」とされていましたか？,手取りの70％で生活できれば非常に優秀とされています。例えば手取り35万円なら24.5万円で生活し、残りを貯金や投資に充てることが可能です。,C
q4,mindset-4,4,物価上昇の影響を考慮し、現実的に目安とされていた生活費割合はどれでしょうか？,物価上昇に収入が追いついていない状況を踏まえ、80％で生活できていれば良いとされています。例えば手取り35万円なら28万円で生活し、7万円を残せます。,D
q5,mindset-4,5,生活費が手取りの80％以上に達している場合、まず優先すべき行動は何でしょうか？,生活費が80％を超えている場合は、まず支出を見直すことが優先です。外食やタクシー利用、趣味や飲み会などを改善し、それでも厳しい場合は収入を増やす工夫をします。,C
q1,mindset-5,1,動画で「人の行動の仕組み」として説明されていた流れはどれでしょうか？,人の行動は「思い込み（パラダイム）」から始まり、感情→言葉→行動→結果という流れをたどります。お金に対する思い込みが現実を作る土台になります。,A
q2,mindset-5,2,「パラダイム」とは何を指す言葉でしょうか？,パラダイムとは「根本的な考え方や価値観、ものの見方や捉え方」を指します。お金に対するパラダイムが、その人の感情や行動、最終的な結果を左右します。,B
q3,mindset-5,3,お金に対する思い込みが良いイメージであれば、どのような結果につながりやすいと説明されていましたか？,お金やお金持ちを良いイメージで捉えると、行動が前向きになりやすく、結果としてお金が増える可能性が高まります。逆に悪いイメージは否定的な結果を生みます。,C
q4,mindset-5,4,動画で説明された「お金との関係性」は全部でいくつの種類がありましたか？,お金との関係性は「お金に支配される」「お金を支配する」「お金と対等」の3種類です。人間関係に例えると、萎縮・横暴・信頼の3パターンになります。,C
q5,mindset-5,5,「お金と自分が対等な関係」とはどのような状態を指していましたか？,お金と自分が対等な関係とは、お金と親友やパートナーのように信頼し合える状態です。理解しあい、助け合える関係が「お金持ちな自分になる思考」の土台となります。,D
q1,mindset-6,1,お金持ちになるために重要だと説明されていた「セルフイメージ」とは何を指しますか？,セルフイメージとは「自分が思っている自分のこと」です。自分は〇〇な人間、自分には〇〇がふさわしい、と心から思えるかどうかが現実を左右します。,B
q2,mindset-6,2,セルフイメージのルールについて正しく説明しているのはどれでしょうか？,セルフイメージは「自分にふさわしい」と思う場所で止まり、そこより下がっても上がっても苦痛を感じます。そのため変化を避け、現状に留まりやすくなります。,A
q3,mindset-6,3,セルフイメージをなかなか変えられない理由として説明されていたものはどれでしょうか？,セルフイメージを変えるには「苦痛」を伴います。現実を直視する、努力する、新しいことを始めるなど、変化への苦痛が人を同じ場所に留めてしまいます。,C
q4,mindset-6,4,セルフイメージを変えるために最も重要とされていたのはどれでしょうか？,セルフイメージを変えるためには、まず「自分を信じること」が大前提です。できないと思えば現実もその通りになり、できると信じれば行動が変わっていきます。,C
q5,mindset-6,5,理想の場所に近づくために必要だと説明されていた行動はどれでしょうか？,セルフイメージを変えるには、理想を明確にし、現状とのギャップを自覚し、その差を埋めるためにコツコツ学んで実践することが大切です。,B
q1,mindset-7,1,「貯金」に対する正しい考え方として説明されていたのはどれでしょうか？,貯金は「夢を叶えるチケット」や「自分や家族を守る盾」となるポジティブなものです。ネガティブなイメージでは続かず、未来の自分のためと考えることが大切です。,B
q2,mindset-7,2,貯金を継続する上で最も大切だと説明されていたポイントはどれでしょうか？,貯金は「何のためにするのか」という目的が明確でないと途中で挫折しやすくなります。目的をしっかり持つことでモチベーションが続き、習慣化につながります。,B
q3,mindset-7,3,「生活防衛費」として目安とされていたのは、生活費の何ヶ月分でしょうか？,生活防衛費は3〜6ヶ月分が目安です。失業や病気など予期せぬ事態に備えるためで、この期間の生活費があれば安心して次の行動に移れます。,C
q4,mindset-7,4,貯金を続けるためのルールに含まれていた内容はどれでしょうか？,「先に貯金分を確保する」「生活費と貯金口座を分ける」「引き出しにくい環境に置く」の3つです。仕組みで守ることが継続のカギです。,C
q5,mindset-7,5,「口座を分ける」ことのメリットとして説明されていたのはどれでしょうか？,口座を分けると、お金の流れが分かりやすくなり、うっかり貯金を使ってしまうのを防げます。人の意志だけに頼らず「仕組み」で守るのがポイントです。,B
q1,mindset-8,1,現在の日本の銀行の普通預金金利が0.1％の場合、100万円を1年間預けたときの利息はいくらでしょうか？,100万円×0.1％＝1000円です。手数料数百円で利息が吹き飛ぶほど低金利であり、長期的に資産を大きく増やすのは難しいのが現状です。,C
q2,mindset-8,2,物価上昇による「お金の価値が下がる」具体例として挙げられていたのはどれでしょうか？,去年100円で買えたお菓子が今年は110円になると、同じ100円でも買えなくなります。これが物価上昇による「お金の価値が下がる」ということです。,B
q3,mindset-8,3,過去に日本で「貯金だけで資産が増えた時代」があった理由として正しいのはどれでしょうか？,解説：かつては銀行に預けるだけで年6〜8％の金利がつきました。そのため投資をしなくても資産が増え、年金や退職金と合わせて安心できる環境がありました。,B
q4,mindset-8,4,銀行の主な役割として説明されていた2つはどれでしょうか？,解説：銀行の役割は「お金を預かること」と「お金を貸すこと」です。預金者から預かったお金を貸し出し、金利で利益を得ています。,C
q5,mindset-8,5,銀行預金についてどのように説明されていましたか？,金利が低い今の時代、銀行に預けるだけでは資産は増えにくいため、銀行預金以外にも自分でお金を増やす方法を身につける必要があります。,C
q1,mindset-9,1,この動画で定義されていた「お金持ち」とはどのような人を指していましたか？,お金持ちとは「経済的な心配なく妥協しない選択ができ、時間も自由に使える人」と定義されました。収入や職業だけでは本当のお金持ちとは限りません。,C
q2,mindset-9,2,労働所得と資産所得の違いについて正しいのはどれでしょうか？,労働所得は会社員や自営業など「自分の時間」で稼ぐ収入。資産所得は投資や仕組みによって「自分が働かなくても得られる収入」です。,D
q3,mindset-9,3,お金の自由を得るために必要とされた4つのステップに含まれていたのはどれでしょうか？,自由を得るステップは「知識を得る」「増やし方を学ぶ」「労働所得から資産所得へ移行」「新しい常識を受け入れ実践」の4つです。働き続けるだけでは自由は得られません。,D
q4,mindset-9,4,世の中の資産の偏りについて説明されていた内容はどれでしょうか？,たった2割の人が世の中の8割の資産を持っています。残り8割の人で2割を分け合っているのが現状です。,E
q5,mindset-9,5,動画のまとめとして「お金」についてどのように取り組むことが強調されていましたか？,お金は健康や人間関係などと並ぶ幸福の要素の一つ。全てではないが悩みや制限を減らす手段となるため、まずお金の問題を攻略していきましょう,C
q1,mindset-10,1,動画で紹介されていた「宝くじや仮想通貨で大金を得たのに破産した人たち」の原因の一つは何でしょうか？,一時的に大金を得ても「正しい考え方や使い方」を知らないと維持できません。お金を持ち続ける思考を身につけることが重要です。,B
q2,mindset-10,2,貧乏脳の特徴として挙げられていたものはどれでしょうか？,解説：貧乏脳の特徴は「短期的思考」「無計画な衝動買い」「ネガティブ思考」「お金やお金持ちへの悪いイメージ」「よくない借金が多い」などです。,C
q3,mindset-10,3,お金持ち脳の特徴として正しいのはどれでしょうか？,お金持ち脳の特徴は「長期的な思考」「目的を持ったお金の使い方」「ポジティブ思考」「自分や人のために使う」「借金やローンをうまく活用する」などです。,A
q4,mindset-10,4,鶏と卵の例えで「3〜5年思考」に当てはまる行動はどれでしょうか？,3〜5年思考は「卵→ひよこ→鶏→さらに卵」という長期的な循環を待てる考え方です。資産を数年かけて育てるイメージに当たります。,B
q5,mindset-10,5,鶏と卵の例えで「10年思考」にあたるのはどの行動でしょうか？,10年思考とは、鶏を育てて終わりではなく「卵を産む鶏を増やし、養鶏場を作る」こと。お金を生む仕組みを構築し拡大する考え方です。,D
q1,mindset-11,1,動画で紹介されていた「お金の3つの使い方」に含まれていないものはどれでしょうか？,お金の使い方は「投資」「消費」「浪費」の3種類です。寄付は直接触れられておらず、生活費は「消費」に含まれます。,D
q2,mindset-11,2,浪費について動画で説明されていた内容として正しいのはどれでしょうか？,浪費は「感情や気分での支出」ですが、必ずしも悪ではなく、楽しみや彩りを与える役割もあります。バランスを取ることが大切です。,C
q3,mindset-11,3,「お金持ち脳」のキャッシュフローの特徴はどれでしょうか？,お金持ち脳は収入を資産に変え、資産からの利益で生活費をまかないます。これにより資産が増えるほど働かなくてもお金が入る仕組みができます。,C
q4,mindset-11,4,動画で紹介された「キャッシュフローの2つの視点」に含まれていたものはどれでしょうか？,キャッシュフローには「収入と支出の流れ」と「資産と負債の増減」の2つの視点があります。本来は事業で使う考え方ですが、個人にも応用可能です。,A
q5,mindset-11,5,動画の最後に紹介されていた「今日からできる小さな実践」として正しいのはどれでしょうか？,「これは投資か消費か浪費か？」と考えてお金を使い、1日の終わりに支出を振り返ることで意識が変わります。小さな習慣が大きな変化につながります。,B
q1,mindset-12,1,「お金のなる木」とは何を指していましたか？,お金のなる木とは「株の配当、不動産収入、ビジネスや投資など自動的にお金が入る仕組み」を指します。働かなくても収入を生む仕組みを育てることが重要です。,B
q2,mindset-12,2,お金と付き合う上での基本の5サイクルとして正しい順番はどれでしょうか？,お金の基本サイクルは「稼ぐ→貯める→使う→守る→増やす」です。この順番を崩すと資産形成は不安定になります。,C
q3,mindset-12,3,動画で最も大事だと強調されていた力はどれでしょうか？,最も大事なのは「貯める力」です。焦って増やすことを先にしてしまうとリスクが大きく、安定した資産形成にはまず貯める習慣が欠かせません。,C
q4,mindset-12,4,「バビロン大富豪の教え」で説かれている基本的なお金のルールとして正しいのはどれでしょうか？,「バビロン大富豪の教え」では収入の1/10を必ず貯金することが成功の第一歩と説かれています。貯める習慣がある人にはお金が自然と集まるとされています。,C
q5,mindset-12,5,資産所得で生活費を上回った状態を指す表現として正しいのはどれでしょうか？,資産所得が生活費を上回ると「お金が自分のために働く常識」に移行します。この状態では働かなくても生活が成り立ち、時間的な自由を得られます。,C
q1,finance_basics-1,1,投資に取り組む前に身につけておくべき習慣はどれでしょうか,投資の前に大切なのは「先取り貯蓄」の習慣です。給料の約2割を残せると理想的で、まず貯める力をつけることが資産形成の土台になります。,C
q2,finance_basics-1,2,初心者に向いている投資手段はどれでしょうか？,初心者には投資信託が適しています。リスクを抑えながら長期で運用しやすく、安心して資産形成を始められます。,B
q3,finance_basics-1,3,投資をしていくうえで大切な3つの要素はどれでしょうか？,大切なのは「積立に回せる金額」「金融商品の質」「積立年数」の3つです。このバランスがゴール達成の現実性を左右します。,A
q4,finance_basics-1,4,「少額×積立×超長期」における「超長期」とはおおよそ何年以上を指しますか？,「超長期」とはおおむね25年以上を指します。少額でも長期で積み立てることで、リスクを抑えつつ資産形成を安定させやすくなります。,E
q5,finance_basics-1,5,毎月一定額を積み立てることで平均購入単価を下げる効果がある投資手法はどれでしょうか？,ドルコスト平均法は価格が高いときは少なく、安いときは多く買う仕組みです。長期継続で平均購入単価をならし、下振れリスクを軽減します。,B
q1,finance_basics-2,1,投資信託とはどのような仕組みですか？,投資信託は、投資の専門家が株式や債券などに分散投資を行い、その運用成果を投資家に分配する仕組みです。複数の専門機関が役割を分担して運用します。,B
q2,finance_basics-2,2,投資信託のコストとして「保有している間ずっと発生する費用」はどれでしょうか？,投資信託にはさまざまなコストがありますが、保有している間ずっとかかるのは「運用管理費用（信託報酬）」です。購入時手数料や信託財産留保額は一時的な費用であり、継続的に発生するものではありません。,B
q3,finance_basics-2,3,インデックスファンドの特徴として正しいのはどれですか？,インデックスファンドは日経平均やS&P500など特定の指数と同じ動きを目指し、市場全体の平均的な成績を目標にします。手間が少なくコストも低いのが特徴です。,A
q4,finance_basics-2,4,アクティブファンドの特徴として正しいのはどれですか？,アクティブファンドは、ファンドマネージャーが企業を分析し、将来有望と思われる銘柄を積極的に組み入れるスタイルです。高い収益の可能性がありますが、手数料も高めです。,C
q5,finance_basics-2,5,シャープレシオとは何を評価する指標ですか？,シャープレシオは、同じリターンでもリスクが小さいほど数値が大きくなる指標です。効率よくリターンを得られているかを測るもので、投資信託を比較する際の参考になります。,C
q1,finance_basics-3,1,円高とはどのような状態を指しますか？,円高とは円の価値が上がることです。1ドル100円が90円になると、同じ1ドルの商品をより少ない円で買えるため、輸入品は安くなります。,B
q2,finance_basics-3,2,外貨を円に戻すときに使われる為替レートを何と呼びますか？,外貨を円に戻すときのレートは「TTB（Telegraphic Transfer Buying rate）」です。逆に円を外貨に変えるときは「TTS（Telegraphic Transfer Selling rate）」が使われます。,D
q3,finance_basics-3,3,為替リスクとは何を意味しますか？,為替リスクとは、為替の変動によって利益にも損失にもなり得る可能性を指します。円高では資産価値が下がり、円安では資産価値が上がるケースがあります。,B
q4,finance_basics-3,4,外貨建て商品を積み立てる際の注意点はどれでしょうか？,外貨建て商品の積立は、為替変動によって毎月の支払額が変動します。円安になると負担が増えるため、家計に影響を与えることがあります。,A
q5,finance_basics-3,5,為替リスクをコントロールする方法として動画で紹介されていたのはどれでしょうか？,通貨を分散して資産を持つことで、一方の通貨が下がってももう一方が上がれば資産全体の価値を保つことができます。円安時にドル資産を持つことで安定化が図れます。,C
q1,finance_basics-4,1,インフレとは何を意味しますか？,インフレとはモノやサービスの値段が上がることです。生活費の上昇を実感する一方で、将来の資産計画に影響する大きな要因となります。,B
q2,finance_basics-4,2,うまい棒が10円から12円に値上がりした場合の物価上昇率はおよそ何％になりますか？,10円の商品が12円になると、上昇幅は2円ですが率でみると20％の値上がりです。小さな金額の変化でも、割合で考えるとインフレの影響は大きいとわかります。,E
q3,finance_basics-4,3,現在の日本で多く見られるインフレのタイプはどれですか？,今の日本はコストが上がることで物価が上がる「コストプッシュ型インフレ」が中心です。エネルギーや原材料価格の上昇、円安が影響しています。,B
q4,finance_basics-4,4,円安がインフレに与える影響として正しいのはどれですか？,円安になると同じ外貨を買うために多くの円が必要になります。その結果、輸入品の価格が上がり、企業は商品価格を引き上げざるを得なくなります。,B
q5,finance_basics-4,5,老後資金2000万円に関して動画で強調されていた視点はどれですか？,大切なのは「金額としての2000万円」ではなく「2000万円分の価値」を将来も確保することです。インフレでお金の価値が下がるため、この視点を持つ必要があります。,C
q1,nisa-1,1,NISAとはどのような制度ですか？,NISAは国が用意した少額投資のための非課税制度です。投資で得た利益に通常かかる約20％の税金が非課税になるのが大きな特徴です。,A
q2,nisa-1,2,新NISAでは年間の非課税投資枠は最大いくらまで拡充されましたか？,新NISAでは年間最大360万円まで非課税で投資できます。さらに生涯の投資枠は1800万円に拡大されました。,C
q3,nisa-1,3,新NISAで同時に利用できるようになったのはどれですか？,新NISAでは積立投資枠と成長投資枠を併用できます。以前は積立NISAか一般NISAかを選ぶ必要がありましたが、より柔軟に使える制度になりました。,A
q4,nisa-1,4,NISAで投資する際に注意すべき点として正しいのはどれですか？,NISAは長期的に運用することでメリットを発揮します。他人の選択を真似するのではなく、自分の年齢や収入、目標に合ったスタイルを選ぶことが重要です。,C
q5,nisa-1,5,NISAを活用する際に投資対象を決めるのは誰の役割ですか？,NISAはあくまで「非課税制度」であり、何を買うかは自分で決める必要があります。投資信託や株式を選び、売却のタイミングも自分で判断します。,C
q1,nisa-2,1,2023年まで存在した旧NISA制度に含まれていたのはどれですか？,旧制度には一般NISAと積立NISAがあり、2023年に終了しました。2024年からは新しいNISAに一本化されています。,A
q2,nisa-2,2,新NISAで同時に利用できるようになった枠はどれですか？,新NISAでは積立投資枠と成長投資枠を同時に利用できます。資金や目的に応じて組み合わせられるようになり、柔軟性が高まりました。,A
q3,nisa-2,3,人気の投資信託である「S&P500」「全世界株式」「米国株式」に共通する特徴はどれですか？,これらは名称が異なっても実質的に米国株が中心で構成されています。本当の分散投資には株式だけでなく債券や不動産、通貨分散も必要です。,C
q4,nisa-2,4,NISAで投資する際に「手数料が安いから良い」とは限らない理由はどれですか？,手数料が安くても利回りが低ければ長期的な成果は小さくなります。逆に多少手数料が高くても利回りが大きければ、資産はより増える可能性があります。,B
q5,nisa-2,5,本当の意味での分散投資に近い考え方はどれでしょうか？,名称違いの株式ファンドだけでは実質分散にならない場合があります。株式に加え債券・現金・REITなど資産クラスを広げ、さらに通貨分散も意識することが重要です。,D
q1,nisa-3,1,NISA口座の名義人が亡くなった場合、相続人が提出すべき書類はどれですか？,名義人が亡くなった場合は「非課税口座開設者死亡届」の提出が必要です。これによりNISA口座の金融資産は死亡日に相続人に譲渡されたとみなされます。,A
q2,nisa-3,2,名義人が亡くなった後、NISA口座内の金融商品はどのように扱われますか？,死亡後の金融商品は相続人のNISA口座には移せません。特定口座や一般口座などNISA以外の口座に移管される形になります。,C
q3,nisa-3,3,離婚時にNISA口座の金融商品を分与する際、一般的に用いられる方法はどれですか？,離婚時にはNISA口座の金融商品を売却して現金化し、その現金を分け合う「換価分割」で対応するのが一般的です。,C
q4,nisa-3,4,離婚時に金融商品を売却せず、評価額をもとに一方が現物を保有し、もう一方に現金を支払う方法はどれですか？,代償分割とは、一方が金融商品をそのまま保有し、もう一方に評価額に相当する現金などを支払う方法です。離婚時点の時価で評価されます。,B
q5,nisa-3,5,破産した場合、NISA口座の資産はどうなりますか？,破産時にはNISA口座の資産も本人の財産とみなされ、差し押さえの対象になります。売却されて債権者への返済に充てられます。,C
q1,ideco-1,1,iDeCoはどのような制度ですか？,iDeCoは公的年金に上乗せできる私的年金制度です。掛け金や運用先を自分で選び、節税効果を得ながら老後資金を準備することができます。,B
q2,ideco-1,2,iDeCoのメリットとして正しいものはどれですか？,iDeCoの掛け金は全額所得控除になり、課税所得を減らすことができます。その結果、住民税や所得税の節税につながります。,A
q3,ideco-1,3,iDeCoのデメリットとして正しいものはどれですか？,iDeCoは原則として60歳まで引き出せません。老後資金のための制度であるため途中解約はできず、流動性が低い点はデメリットです。,B
q4,ideco-1,4,iDeCoの運用に関するリスクとして正しいものはどれですか？,iDeCoは投資信託や元本保証型の商品から選べますが、元本割れや物価上昇に追いつけないリスクがあります。国の制度でも投資リスクは存在します。,C
q5,ideco-1,5,iDeCoの受け取り時に注意すべき点はどれですか？,iDeCoの受け取り時の控除は退職金や公的年金と共通です。タイミングによって控除枠が使えなくなり、受け取り時に課税される可能性があるので注意が必要です。,B
q1,ideco-2,1,自営業者やフリーランスがiDeCoを利用するメリットとして正しいのはどれですか？,自営業者やフリーランスは掛け金上限が高く、節税効果を大きく得られます。さらに厚生年金がないため、受け取り時に他の年金と重なるリスクも少ないのが特徴です。,C
q2,ideco-2,2,自営業者やフリーランスがiDeCoを利用する際のデメリットはどれですか？,iDeCoは原則60歳まで引き出せません。自営業者やフリーランスにとって万が一の生活資金として使えないため、流動性に欠ける点はデメリットです。,B
q3,ideco-2,3,専業主婦や扶養内で働く人がiDeCoを活用する意義はどれですか？,専業主婦や扶養内の方は年金や退職金が少ないため、老後の備えとしてiDeCoの活用は十分に意味があります。受け取り時も税金を気にしなくて良いケースが多いです。,A
q4,ideco-2,4,専業主婦や扶養内の人がiDeCoを利用する際の注意点はどれですか？,専業主婦や扶養内の方は課税所得がないため、iDeCoの大きなメリットである掛け金の所得控除が使えません。加入コストだけが負担になる可能性もあります。,A
q5,ideco-2,5,専業主婦や扶養内で働く人がiDeCoを始める前に確認すべき点はどれですか？,iDeCoには口座管理手数料などのコストがかかります。専業主婦や扶養内の人は節税効果を得にくいため、コストが負担にならないか事前に確認することが重要です。,B
q1,social_security-1,1,毎月の家計改善を考える際に、最初に見直すべきとされるのはどの支出でしょうか？,家計を改善する第一歩は固定費の見直しです。毎月必ず発生する支出を抑えることで、長期的に大きな効果が得られます。,C
q2,social_security-1,2,日本人の生命保険加入率はどのくらいでしょうか？,日本人の生命保険加入率は80%以上で、世界的にも非常に高い水準です。社会保障が手厚い中でこれほど加入率が高いのは珍しい特徴です。,C
q3,social_security-1,3,月3万円を20年間民間保険に払い続けた場合の総額はいくらになるでしょうか？,月3万円を20年間払うと総額720万円です。長期にわたり大きな金額を支払うことになるため、適切な保険選びが重要になります。,D
q4,social_security-1,4,「混ぜるな危険」と説明されていた保険商品の特徴はどれでしょうか？,多くの民間保険は保障・投資・貯蓄が混在しています。一見便利ですが、分野ごとに分けた方が効果的に目的を達成できます。,B
q5,social_security-1,5,民間保険に加入しすぎる主な原因として挙げられるのはどれでしょうか？,多くの人が公的保険制度の内容を理解していないため、必要以上に民間保険へ加入してしまいます。まず制度を正しく知ることが大切です。,B
q1,social_security-2,1,日本の社会保障制度を支える主な財源は何でしょうか？,社会保障制度は「保険料」と「税金」で成り立っています。約40%は税金で賄われ、残りを保険料で補い、景気や高齢化により割合は変動します。,A
q2,social_security-2,2,社会保障制度の基本的な考え方として正しいものはどれでしょうか？,社会保障制度は「相互扶助」の仕組みです。健康で働けるときに保険料を納め、困ったときには給付を受けることで、みんなで支え合う仕組みになっています。,C
q3,social_security-2,3,社会保障制度の4つの柱に含まれないものはどれでしょうか？,社会保障の4つの柱は「社会保険」「社会福祉」「公的扶助」「保健医療・公衆衛生」です。個人年金制度は民間の仕組みであり含まれません。,E
q4,social_security-2,4,社会保険に含まれる5つの制度として正しい組み合わせはどれでしょうか？,社会保険は「医療保険」「年金保険」「介護保険」「雇用保険」「労災保険」の5つです。生活や働き方に応じて保障内容が異なります。,A
q5,social_security-2,5,自営業者に原則として適用されない社会保険はどれでしょうか？,自営業者は「国民健康保険」「国民年金」「介護保険」には加入しますが、雇用保険は原則として適用されません。ただし労災保険は特別加入制度で利用可能です。,D
q1,social_security-3,1,会社員やパート・アルバイトが加入していることが多い医療保険はどれでしょうか？,会社員やパート・アルバイトは健康保険に加入することが一般的です。保険料は会社と本人で折半し、療養・高額療養費・出産手当などの給付が受けられます。,C
q2,social_security-3,2,国民健康保険の保険料はどのように決まるでしょうか？,国民健康保険料は前年の所得や世帯構成を基に決まります。所得割・均等割・平等割の仕組みで算出され、全額個人負担で支払います。,B
q3,social_security-3,3,会社を辞めて健康保険から国民健康保険へ移る際に必要な手続きはどれでしょうか？,会社を辞めた場合、健康保険証を返却し「資格喪失証明書」を受け取り、それを持って区役所で国民健康保険の手続きを行う必要があります。,C
q4,social_security-3,4,退職後に一定条件を満たせば2年間元の健康保険に加入できる制度はどれでしょうか？,退職後、2か月以上の加入歴があり20日以内に手続きすれば「任意継続被保険者制度」を利用できます。ただし保険料は全額自己負担です。,B
q5,social_security-3,5,75歳以上になると自動的に移行する医療制度はどれでしょうか？,75歳以上になると自動的に「後期高齢者医療制度」に移行します。65～74歳は前期高齢者として医療制度に加入し、年齢で区切られています。,C
q1,social_security-4,1,労災保険の特徴として正しいものはどれでしょうか？,労災保険は業務中や通勤中の災害に備える制度で、保険料は全額事業主が負担します。自営業者などは特別加入制度を利用することが可能です。,C
q2,social_security-4,2,雇用保険の「基本手当」（求職者給付）を受給するための条件として正しいものはどれでしょうか？,基本手当を受給するには、原則として離職前2年間に12か月以上の加入が必要です。ただし会社都合退職の場合は、1年間に6か月以上の加入で受給できます。,B
q3,social_security-4,3,教育訓練給付制度の「一般教育訓練給付」において、自己負担額のうち支給される割合はどれでしょうか？,一般教育訓練給付では、自己負担した受講料の20％が支給されます。上限額があるため、受講前に対象講座や支給条件を確認することが重要です。,C
q4,social_security-4,4,介護保険の被保険者区分として正しいものはどれでしょうか？,介護保険の被保険者は、第1号が65歳以上、第2号が40歳～64歳です。要介護・要支援の認定を受けた場合に給付を受けることができます。,B
q5,social_security-4,5,介護休業給付について正しいものはどれでしょうか？,介護休業給付は、対象となる家族1人につき通算93日まで給付を受けられます。育児休業給付と並び、仕事と家庭を両立する支援制度のひとつです。,A
q1,economics-1,1,金融とは何を指す言葉でしょうか？,金融とは「お金の融通」、つまりお金の貸し借りを指します。銀行への預金や株・債券の購入も、お金を貸す行為の一つであり、そこから利益が生まれます。,B
q2,economics-1,2,景気が悪化したとき、金利はどうなる傾向があるでしょうか？,景気が悪いと企業が資金を借りる余力がなくなるため、金利を下げないと借り手がつきません。そのため不況時には金利は下がりやすい傾向があります。,C
q3,economics-1,3,景気を刺激するために金利を下げて資金を借りやすくする政策を何というでしょうか？,金融緩和政策は金利を下げて企業や個人がお金を借りやすくする仕組みです。資金需要が増え、経済活動が活発になり、景気を押し上げる効果があります。,C
q4,economics-1,4,2016年に日本銀行が導入した「マイナス金利」とは、具体的にどのような仕組みでしょうか？,マイナス金利は、金融機関が日銀に預ける当座預金の一部に -0.1％の金利を課す仕組みです。銀行が資金をため込まず貸し出すよう促す政策です。,B
q5,economics-1,5,2025年6月時点で、日本銀行の政策金利はどの水準に据え置かれたでしょうか？,日本銀行は2024年3月にマイナス金利を終了し、その後利上げを実施しました。2025年6月には政策金利を0.5％に据え置き、追加利上げの可能性も示唆しています。,D
q1,economics-2,1,GDP（国内総生産）とは何を示す指標でしょうか？,GDPは国内で一定期間に生み出された財やサービスの付加価値の総額を示します。国全体の経済規模や成長を測る基本的な指標です。,C
q2,economics-2,2,GDPを物価変動を考慮して算出したものを何と呼ぶでしょうか？,実質GDPは物価変動を調整して算出されるため、経済成長の実態をより正確に表します。名目GDPは物価変動を反映しない数値です。,B
q3,economics-2,3,景気動向指数の「先行指数」に含まれる代表的なデータはどれでしょうか？,先行指数は景気に先んじて動くデータで、新規求人数や機械受注などが含まれます。景気の先行きを予測するために活用されます。,C
q4,economics-2,4,ディフュージョン・インデックス（DI）は何を示す指標でしょうか？,DIは景気動向指数の補完指標で、全体のうち何割の項目が上昇しているかを示します。景気が拡大しているか後退しているかを判断する材料になります。,C
q5,economics-2,5,「物価指数」に含まれる代表的な指標として正しいものはどれでしょうか？,物価指数には「消費者物価指数（CPI）」と「企業物価指数（CGPI）」があります。前者は生活費に、後者は企業間取引に直結する指標です。,B
q1,economics-3,1,日本銀行（日銀）の特徴として正しいものはどれでしょうか？,日銀は日本銀行法に基づき、政府と連携しつつも政治から独立して金融政策を決定します。物価や金融の安定を目的とする中立的な機関です。,B
q2,economics-3,2,金融政策の一つである「預金準備率操作」とはどのような仕組みでしょうか？,預金準備率操作は、銀行が日銀に預ける準備金の比率を調整する仕組みです。これにより貸出可能な資金量が変化し、市場全体のお金の流れに影響を与えます。,B
q3,economics-3,3,日銀が国債を買い取ることで市場に資金を供給する操作を何と呼ぶでしょうか？,「買いオペ」は日銀が国債を買い取り、市場に資金を供給する操作です。資金量が増えることで金利が下がり、経済活動が活発になります。,B
q4,economics-3,4,2022年9〜10月に日銀が実施した為替介入の規模として正しいものはどれでしょうか？,2022年9〜10月に日銀は約24.5兆円規模の円買い介入を行いました。これは24年ぶりかつ過去最大級の規模で、急激な円安の進行を抑える狙いがありました。,D
q5,economics-3,5,日銀の公開市場操作で「売りオペ」を行った場合、市場にはどのような影響が生じやすいでしょうか？,売りオペは日銀が債券を売却して市場から資金を吸収する操作です。資金供給が減ることで金利は上昇し、景気の過熱を抑える効果があります。,B
q1,economics-4,1,金利の種類として正しい説明はどれでしょうか？,固定金利は契約期間中ずっと変わらない金利、変動金利は経済状況に応じて上下する金利です。景気の動向によって有利不利が変わります。,C
q2,economics-4,2,「アセットアロケーション」とは何を意味するでしょうか？,アセットアロケーションとは、株式や債券などの資産クラスにどの程度配分するかを決める戦略です。リスクとリターンのバランスを取るための基本概念です。,C
q3,economics-4,3,銀行破綻時に元本1000万円とその利息までを保護する制度はどれでしょうか？,預金保険制度（ペイオフ）により、銀行が破綻しても当座・普通・定期預金は1金融機関あたり元本1000万円とその利息まで保護されます。,C
q4,economics-4,4,証券会社が破綻した場合に投資家を守る仕組みとして正しいものはどれでしょうか？,証券会社が破綻しても「投資者保護基金」によって顧客資産は保護されます。金融機関ごとに対象となる保護制度が異なる点に注意が必要です。,B
q5,economics-4,5,保険会社が破綻した場合に契約者を守る制度はどれで、補償の基本割合はどの程度でしょうか？,保険契約者保護機構は、保険会社が破綻した際に契約者を守る制度で、基本的に保険金や解約返戻金の90％が補償されます。契約内容によって異なる場合があります。,C
q1,asset_formation-1,1,資産形成と資産運用の違いについて正しい説明はどれでしょうか？,資産形成はお金をゼロから貯めていく段階、資産運用は貯めた資産を活用して増やしていく段階を指します。この区別を理解することが第一歩です。,B
q2,asset_formation-1,2,FIREの正しい意味はどれでしょうか？,FIREとは「Financial Independent Retire Early」の略で、経済的に自立して早期リタイアを目指す考え方です。必ずしも全員がリタイアを目指す必要はありません。,B
q3,asset_formation-1,3,資産形成で大切とされる「長期思考」を説明した例として適切なものはどれでしょうか？,長期思考は、資産を時間をかけて育てていく姿勢を意味します。鶏を育てて養鶏場を作る例えのように、コツコツ積み上げて資産を大きくします。,B
q4,asset_formation-1,4,資産形成の方法のうち「積み立て投資」に含まれるものとして正しいのはどれでしょうか？,積み立て投資には「iDeCo」や「新NISA」などが含まれ、毎月少額からコツコツ投資できるのが特徴です。価格変動リスクを抑えやすく初心者に向いています。,C
q5,asset_formation-1,5,レバレッジ投資の特徴として正しいものはどれでしょうか？,レバレッジ投資は借入や倍がけを活用して資金以上の額を投資できる仕組みです。利益も損失も大きくなるため、経験者向けのリスクの高い方法です。,A
q1,asset_formation-2,1,単利の特徴として正しいものはどれでしょうか？,単利は元本に対してのみ利息が計算されます。例えば100万円を年10%で30年間運用すると、利益は300万円、元本と合わせて400万円になります。,B
q2,asset_formation-2,2,複利運用で100万円を年利10％で30年間運用すると、最終的な資産額はおよそいくらになるでしょうか？,複利では利息が元本に組み込まれて次の利息計算に加わります。100万円を10％で30年運用すると約1750万円となり、単利との差が大きく表れます。,D
q3,asset_formation-2,3,資産の増え方が「直線的」に見えるのはどの運用方法でしょうか？,単利は毎年同じ額の利息が加わるため、資産の増加は直線的に表れます。一方、複利は利息が利息を生むことで曲線的に増加します。,B
q4,asset_formation-2,4,複利がマイナスに働き、利息の負担が膨らむ代表的な仕組みはどれでしょうか？,リボ払いでは返済額が一定でも利息が元本に加わり、その合計にさらに利息がかかるため、返済が長引くほど総返済額が大きくなります。,C
q5,asset_formation-2,5,複利の効果が大きく表れるのはどのようなケースでしょうか？,複利は利息が利息を生む仕組みで、時間をかけるほど効果が大きくなります。長期投資で資産が加速度的に増えるのはこの特性によるものです。,C
q1,asset_formation-3,1,「リスク」という言葉の正しい意味はどれでしょうか？,リスクは「不確実性」を意味し、必ずしも損失だけを指すものではありません。利益が出る可能性も含めて、結果の振れ幅が大きい状態をリスクと呼びます。,C
q2,asset_formation-3,2,ドルコスト平均法の基本的な仕組みとして正しいものはどれでしょうか？,ドルコスト平均法は、毎月一定金額を投資することで株価が高いときは少なく、安いときは多く購入できます。結果的に平均購入単価を下げやすくなります。,C
q3,asset_formation-3,3,"毎月1万円ずつ株を購入し、株価が1万円→5,000円→2,500円と下落した3か月での平均購入単価はおよそいくらでしょうか？","初月1株・2か月目2株・3か月目4株で合計7株を3万円で購入したため、平均購入単価はおよそ4,285円となります。価格変動を抑える効果が表れています。",D
q4,asset_formation-3,4,ドルコスト平均法と相性が良いとされる投資のスタイルはどれでしょうか？,ドルコスト平均法は短期的な値動きに左右されにくく、長期的に積み立てることで効果を発揮します。そのため「長期投資」との組み合わせが最も有効です。,C
q5,asset_formation-3,5,複数の投資家が推奨しているドルコスト平均法について、世界的投資家バフェット氏が述べている内容として正しいものはどれでしょうか？,ウォーレン・バフェット氏は、市場のタイミングを予測するよりもドルコスト平均法でコツコツ投資する方が優れた結果になると強調しています。,C
q1,pension1-1,1,日本の年金制度を大きく分けるとどの2つに分かれるでしょうか？,年金制度は「公的年金」と「私的年金」に分かれます。公的年金には国民年金と厚生年金、私的年金には企業年金や個人年金が含まれます。,B
q2,pension1-1,2,国民年金の加入者区分で「第3号被保険者」に該当するのは誰でしょうか？,第3号被保険者は会社員や公務員（第2号被保険者）に扶養されている配偶者です。保険料は勤務先を通じて納付され、個人で支払う必要はありません。,D
q3,pension1-1,3,国民年金の保険料を全額免除された場合、将来の老齢基礎年金の支給額はどうなるでしょうか？,全額免除期間は受給資格には算入されますが、将来の老齢基礎年金は本来の半額、つまり50％の支給となります。追納すれば受給額に反映可能です。,E
q4,pension1-1,4,学生が利用できる国民年金の特例制度について正しいものはどれでしょうか？,学生納付特例制度では、本人の年収が128万円以下であれば申請により保険料の納付が猶予されます。家族の収入は審査対象外です。,B
q5,pension1-1,5,2025年度において、国民年金を40年間全額納付した場合の老齢基礎年金の年額はおよそいくらでしょうか？,2025年度の老齢基礎年金は、40年間全額納付した場合で年額約83万1700円（月額約6万9000円）です。全額免除期間が多いと支給額は減少します。,C
q1,pension1-2,1,老齢基礎年金を満額で受給するための条件として正しいものはどれでしょうか？,老齢基礎年金は65歳から受給でき、資格期間は10年以上必要です。20歳から60歳まで40年間全額納付した場合、満額の年額約83万1700円が支給されます。,C
q2,pension1-2,2,付加年金の仕組みについて正しい説明はどれでしょうか？,付加年金は第1号被保険者が対象で、保険料に月400円を上乗せすることで将来200円が老齢基礎年金に加算されます。長生きするほどお得な制度です。,A
q3,pension1-2,3,特別支給の老齢厚生年金を受給できる条件に含まれるものはどれでしょうか？,特別支給は受給開始年齢を60歳から65歳に引き上げる経過措置です。昭和36年4月1日以前生まれの男性、昭和41年4月1日以前生まれの女性など、生年月日条件があります。,D
q4,pension1-2,4,加給年金額に関する説明として正しいものはどれでしょうか？,加給年金額は厚生年金に20年以上加入し、65歳時点で扶養する配偶者や子がいる場合に加算されます。配偶者の年齢到達後は振替加算に切り替わります。,C
q5,pension1-2,5,老齢年金の繰り上げ受給を選んだ場合、1か月につきどの程度減額されるでしょうか？,繰り上げ受給では1か月につき0.4％減額されます。逆に繰下げでは1か月につき0.7％増額され、その後も同じ割合で一生支給され続けます。,C
q1,pension1-3,1,障害基礎年金を受給するための条件として正しいものはどれでしょうか？,障害基礎年金は、初診日に国民年金の被保険者であること、障害等級が1級または2級であること、保険料納付要件を満たすことが条件です。,C
q2,pension1-3,2,障害等級の判定基準について正しい説明はどれでしょうか？,障害等級は病名ではなく「日常生活にどの程度支障があるか」「介助が必要か」で判断されます。生活能力の制限度合いが大きな基準となります。,C
q3,pension1-3,3,令和7年度の障害基礎年金の年金額として正しい組み合わせはどれでしょうか？,令和7年度の障害基礎年金は、1級が約104万円、2級が約83万2000円です。扶養する子がいればさらに加算があります。,B
q4,pension1-3,4,障害厚生年金の加給年金が加算される条件として正しいものはどれでしょうか？,障害厚生年金の加給年金は、障害等級が1級または2級で、65歳未満の配偶者がいる場合に加算されます。子どもがいる場合も条件によって加算されます。,C
q5,pension1-3,5,障害厚生年金の最低保障額はいくらでしょうか？,障害厚生年金には最低保障があり、加入期間が短くても62万2000円が下限として保障されます。障害基礎年金と合算して支給されます。,C
q1,pension1-4,1,遺族基礎年金を受給できるのは誰でしょうか？,遺族基礎年金は、国民年金の被保険者などが亡くなった場合に、子のある配偶者または18歳未満の子が受給できます。保険料納付要件を満たすことが前提です。,C
q2,pension1-4,2,寡婦年金の支給条件について正しいものはどれでしょうか？,寡婦年金は、国民年金第1号被保険者として10年以上納付実績のある夫と10年以上婚姻していた妻に、60歳から65歳まで支給されます。老齢年金を受けていた場合は対象外です。,C
q3,pension1-4,3,死亡一時金の支給対象となるのはどのような場合でしょうか？,死亡一時金は、第1号被保険者が36か月以上保険料を納め、老齢基礎年金や障害基礎年金を受けずに亡くなった場合に支給されます。遺族基礎年金を受けていると支給されません。,B
q4,pension1-4,4,遺族厚生年金の受給に関する説明として正しいものはどれでしょうか？,遺族厚生年金は、妻が30歳未満であれば5年間、30歳以上であれば生涯受給できます。子どもがいなくても配偶者や父母などが条件を満たせば対象です。,A
q5,pension1-4,5,遺族給付の税務上の取り扱いとして正しいものはどれでしょうか？,遺族給付（遺族基礎年金や遺族厚生年金）は非課税です。一方で老齢年金は雑所得として課税され、公的年金等控除を受けて申告する必要があります。,C
q1,pension2-1,1,企業年金の位置づけとして正しいものはどれでしょうか？,企業年金は私的年金に含まれ、公的年金に上乗せする「3階部分」として位置づけられます。老後の生活費を補う重要な役割を果たします。,C
q2,pension2-1,2,確定給付型企業年金の特徴として正しいものはどれでしょうか？,確定給付型は将来の年金額があらかじめ決まっており、その給付に必要な金額を企業や基金が積み立てる仕組みです。安心感がある反面、企業側の負担が大きい制度です。,C
q3,pension2-1,3,企業型確定拠出年金（企業型DC）の受給開始年齢として正しいものはどれでしょうか？,企業型DCは原則60歳以降に受給できます。受給のタイミングは60歳から75歳まで選択可能ですが、60歳未満での引き出しは認められていません。,B
q4,pension2-1,4,マッチング拠出の条件として正しいものはどれでしょうか？,マッチング拠出では、従業員の掛金が企業の掛金を超えてはいけません。また企業と従業員の合計掛金が限度額を超えないことも条件です。,C
q5,pension2-1,5,2022年の制度改正によって可能になったことはどれでしょうか？,2022年の改正で、企業型DC加入者も会社の同意なくiDeCoに加入できるようになりました。ただし掛け金は両制度を合算した上限枠で制限されます。,A
q1,pension2-2,1,iDeCo（個人型確定拠出年金）の加入対象者として正しいものはどれでしょうか？,iDeCoは20歳以上65歳未満の幅広い人が加入できます。ただし65歳以上や海外居住者、国民年金未納者、農業者年金加入者などは対象外です。,A
q2,pension2-2,2,iDeCoの商品区分として正しい組み合わせはどれでしょうか？,iDeCoの商品は「元本確保型（定期預金や保険）」と「元本変動型（投資信託など）」に分かれます。安全性重視か成長性重視かで選ぶことが重要です。,B
q3,pension2-2,3,投資信託のスタイルで「パッシブ型（インデックス型）」の特徴として正しいものはどれでしょうか？,パッシブ型は日経平均やTOPIXといった指標に連動する成果を目指します。市場平均と同じ動きを目指すため、長期投資に向いています。,C
q4,pension2-2,4,iDeCoにおける「スイッチング」とはどのような操作でしょうか？,スイッチングとは、すでに積み立てた資産を売却して新しい商品を購入する操作です。資産配分の調整に活用でき、配分変更と合わせて使われます。,D
q5,pension2-2,5,転職や退職時にiDeCoの移管手続きを6か月以内に行わなかった場合の影響として正しいものはどれでしょうか？,6か月以内に移管しないと自動移管となり、国民年金基金連合会に資産が移されます。手数料がかかるうえ運用益も得られず、年金資産としてカウントされません。,D
q1,financial_products-1,1,株式投資を行う際の基本的なメリットとして正しいものはどれでしょうか？,株式投資は株価上昇による売却益や企業の配当を得られるのが魅力です。ただし元本保証はなく、損失が出るリスクもあるため注意が必要です。,A
q2,financial_products-1,2,株式取引の注文方法で「成行注文」とはどのような方法でしょうか？,成行注文は値段を指定せず、市場で成立する価格で即座に売買する方法です。一方、指値注文は自分で希望する価格を指定して取引します。,B
q3,financial_products-1,3,日経平均株価の構成内容として正しいものはどれでしょうか？,日経平均株価は東証一部（現在のプライム市場）の代表的な225銘柄の平均株価です。日本の株式市場全体の動きを示す代表的な指数です。,D
q4,financial_products-1,4,株価指標PER（株価収益率）の一般的な目安として正しいものはどれでしょうか？,PERは株価が1株あたり利益の何倍かを示す指標です。一般的には15倍未満が割安、15倍以上が割高と判断されることが多いです。,C
q5,financial_products-1,5,ROE（自己資本利益率）の望ましい目安として正しいものはどれでしょうか？,ROEは企業が自己資本を使って効率的に利益を上げているかを示す指標で、8〜10％以上が望ましい水準とされています。高いほど資本効率が良いと評価されます。,C
q1,financial_products-2,1,債券の特徴として正しいものはどれでしょうか？,債券は国や企業が資金調達のために発行する借用証書のようなもので、購入者は貸し手として利息や元本の返済を受けます。株式のように議決権はありません。,A
q2,financial_products-2,2,債券の価格と利回りの関係として正しいものはどれでしょうか？,債券の価格と利回りは逆の関係にあります。債券価格が上がると利回りは下がり、価格が下がると利回りは上がります。,C
q3,financial_products-2,3,債券の発行価格が額面より高い場合を何と呼ぶでしょうか？,発行価格が額面より高い場合は「オーバーパー発行（プレミアム発行）」、低い場合は「アンダーパー発行（ディスカウント発行）」、同額なら「パー発行」と呼ばれます。,B
q4,financial_products-2,4,債券の利回りのうち「最終利回り」とはどのようなものか？,最終利回りとは、すでに発行済みの債券を途中で購入し、その後満期まで保有した場合の利回りです。投資判断に広く用いられます。,D
q5,financial_products-2,5,ゆうちょ銀行の商品で代表的なものとして正しい組み合わせはどれでしょうか？,ゆうちょ銀行の商品には「定額貯金」と「定期貯金」があります。どちらも原則満期まで預ける商品ですが、中途解約すると利息が減るなどのペナルティがあります。,E
q1,financial_products-3,1,投資信託の仕組みとして正しい説明はどれでしょうか？,投資信託は、投資家から集めた資金を専門家が株式や債券などに投資し、その収益を投資家に分配する仕組みです。初心者でも少額から分散投資できます。,A
q2,financial_products-3,2,投資信託の手数料として正しい組み合わせはどれでしょうか？,投資信託の主な手数料は「購入時手数料」「運用管理手数料」「信託財産留保額」です。信託財産留保額は解約時に差し引かれる費用で、0.3％程度の場合が多いです。,C
q3,financial_products-3,3,パッシブ運用とアクティブ運用の違いとして正しいものはどれでしょうか？,パッシブ運用は日経平均やS&P500などの指数と同じ成果を目指し、アクティブ運用はその指数を上回る成果を狙います。投資方針の違いが特徴です。,C
q4,financial_products-3,4,投資信託を購入する前に必ず確認すべき書類はどれでしょうか？,投資信託を購入する前には「目論見書」を必ず確認します。運用方針、投資対象、手数料、リスクなどが詳しく記載されており、投資判断の基礎資料となります。,D
q5,financial_products-3,5,投資信託の効率性を測る「シャープレシオ」とはどのような指標でしょうか？,シャープレシオはリターンを得るためにどれだけのリスクを取ったかを測る指標です。数値が高いほど少ないリスクで効率的に利益を得ていると評価されます。,E
q1,financial_products-4,1,外貨預金の特徴として正しいものはどれでしょうか？,外貨預金はドルやユーロなどの外貨で預金する仕組みです。為替変動によって利益が出る可能性もありますが、逆に損失が出るリスクもあるため注意が必要です。,A
q2,financial_products-4,2,外貨建てMMFの特徴として正しいものはどれでしょうか？,外貨建てMMFは外国の短期債券を中心に運用される投資信託の一種です。購入や解約の手数料は不要で、為替手数料のみ発生する点が特徴です。,C
q3,financial_products-4,3,先物取引とオプション取引の違いとして正しいものはどれでしょうか？,先物取引は契約したら実行の義務があります。一方オプション取引は「権利」の売買であり、不利な場合は権利を放棄して損失を抑えることができます。,A
q4,financial_products-4,4,オプション取引の特徴を示す具体例として正しいものはどれでしょうか？,オプション取引は「将来のある価格で売買する権利」を取引するものです。20万円で買う権利を得て、実際の価格が25万円なら権利行使で有利に購入できます。,C
q5,financial_products-4,5,スワップ取引の代表例である「金利スワップ」の仕組みを正しく表しているものはどれでしょうか？,金利スワップは、固定金利型ローンと変動金利型ローンを支払っている人同士が金利を交換し、お互い望む金利タイプに実質的に切り替える仕組みです。,D
q1,insurance_basics-1,1,保険業界は大きく2つに分けられます。正しい組み合わせはどれですか？,保険業界は大きく「生命保険」と「損害保険」に分類されます。他の選択肢は保険の一部や全く別の制度であり、業界全体を示すものではありません。,A
q2,insurance_basics-1,2,日系の生命保険会社に含まれるのはどれですか？,日系の代表例には第一生命、日本生命、明治安田生命などがあります。プルデンシャルやアクサなどは外資系であり、区別して理解することが大切です。,B
q3,insurance_basics-1,3,保険会社の社員と保険代理店の違いとして正しいのはどれですか？,保険代理店は複数の会社の商品を取り扱えるため、お客様に合わせて幅広い提案が可能です。一方で保険会社社員は自社商品のみを扱う「一社専属」となります。,C
q4,insurance_basics-1,4,団体信用保険（団信）の特徴として正しいものはどれですか？,団信は住宅ローンに保険料が上乗せされ、返済と同時に自動的に支払われます。加入年齢で保険料が変わらない点や、万一でも家を失わない点が特徴です。,B
q5,insurance_basics-1,5,生命保険のメリットとして正しいものはどれですか？,生命保険は契約者と被保険者を明確に設定できるため、万一の際の受取がスムーズです。さらに税制優遇や相続対策としても活用できる点が大きなメリットです。,D
q1,insurance_basics-2,1,資産が十分にある場合に保険加入が不要とされる理由は何ですか？,保険は「貯蓄で賄えない損失」に備えるための仕組みです。十分な資産があれば保障を保険で得る必要はなく、貯蓄で対応可能となります。,C
q2,insurance_basics-2,2,保険と貯金を比較した場合、保険の大きな特徴はどれですか？,保険は少額の掛け金で大きな保障を得られる点が特徴です。貯金では短期間に大きな金額を用意するのが難しくても、保険なら万一の際に備えることができます。,B
q3,insurance_basics-2,3,死亡保障が不要となるのはどのような場合ですか？,死亡保障は遺族の生活を支える目的で加入します。すでに遺族が困らない資産を持っているなら、改めて保険で備える必要はありません。,A
q4,insurance_basics-2,4,医療保険の必要性が低くなるのはどのような場合ですか？,医療保険は生活費や治療費を補うためのものです。家族や十分な資金で備えがある場合には、必ずしも加入が必要ではありません。,D
q5,insurance_basics-2,5,保険に加入する上で重要なのはどのような考え方ですか？,保険は加入そのものが目的ではなく、自分の資産状況や将来設計に応じてリスクを補うために検討するものです。必要性に応じた見極めが大切です。,E
q1,insurance_basics-3,1,保険に関する基本的な用語の組み合わせとして正しいのはどれですか？,保険契約者は保険料を支払う人、被保険者は保障の対象になる人、保険受取人は保険金を受け取る人です。用語の区別を正しく理解することが大切です。,A
q2,insurance_basics-3,2,保険料の内訳として正しいのはどれですか？,純保険料は保険金の支払いに充てられる部分で、付加保険料は保険会社の運営費や利益にあたります。支払った保険料すべてが保障に使われるわけではありません。,B
q3,insurance_basics-3,3,保険料を滞納した場合の猶予期間について正しいのはどれですか？,保険料の払込猶予期間は、月払いでは翌月1ヶ月間、年払いでは翌月1ヶ月と翌月の契約日までです。この期間を過ぎると失効し自動解約となります。,C
q4,insurance_basics-3,4,払済保険の特徴として正しいものはどれですか？,払済保険はこれまで払った保険料を基に保障を維持でき、今後の保険料は不要です。ただし保険金は減少し、特約や配当は消滅します。一度払済にすると元には戻せません。,B
q5,insurance_basics-3,5,延長保険のメリットとして正しいものはどれですか？,延長保険は解約返戻金を充当して保障を継続する仕組みです。メリットは保障金額が変わらず、生存給付金を受け取れる場合があることです。  ,E
q1,insurance_products-1,1,人生で起こり得る三大リスクとして正しい組み合わせはどれですか？,三大リスクは「死亡リスク」「病気や障害リスク」「貯蓄と長生きリスク」です。これらに対応するために様々な保険が設けられています。,A
q2,insurance_products-1,2,定期保険の特徴として正しいものはどれですか？,定期保険は、契約した一定期間だけ保障を受けられる保険です。保険期間中に亡くなった場合は保険金が支払われますが、期間が終了しても保険金は支払われません。掛け捨て型のため、保険料は比較的割安です。,C
q3,insurance_products-1,3,終身保険の特徴として正しいものはどれですか？,終身保険は一生涯保障が続き、死亡時には必ず保険金が支払われます。解約返戻金や払済保険への変更も可能で、将来の資金準備や安心感に活用できます。,A
q4,insurance_products-1,4,払込免除特約の内容として正しいものはどれですか？,払込免除特約はがん・心筋梗塞・脳卒中などの三大疾病にかかった場合、以後の保険料の支払いが免除される仕組みです。生命保険や医療保険などに付加できます。,D
q5,insurance_products-1,5,リビングニーズ特約の説明として正しいものはどれですか？,リビングニーズ特約は余命6か月以内と診断されたとき、死亡保険金の一部または全額を生前に受け取れる制度です。使い道は自由で医療費や介護費用にも利用できます。,E
q1,insurance_products-2,1,医療保険の給付タイプとして正しいものはどれですか？,医療保険には入院や手術1回ごとに一時金が出るタイプと、入院日数に応じて日額が出るタイプがあります。両方を組み合わせた商品も多く販売されています。,B
q2,insurance_products-2,2,がん特約とがん保険の違いとして正しいものはどれですか？,がん特約は通常の医療保険に上乗せしてがんも保障対象にするものです。一方、がん保険はがんに特化しており給付の手厚さが特徴です。自分に合うものを比較して選ぶことが大切です。,D
q3,insurance_products-2,3,養老保険の特徴として正しいものはどれですか？,養老保険は一定期間保障と貯蓄を兼ね備えた保険です。期間中に死亡すれば死亡保険金が、満期を迎えれば満期保険金が支払われます。途中解約時には解約返戻金を受け取れます。,E
q4,insurance_products-2,4,終身保険と養老保険の違いとして正しいものはどれですか？,終身保険は一生涯保障が続きますが、養老保険は満期が設定されており、満期後は契約が終了します。両者の違いを理解することで目的に合った保険を選べます。,A
q5,insurance_products-2,5,学資保険の注意点として正しいものはどれですか？,学資保険は教育資金を準備できる反面、必要な時期に間に合わない場合や利回りが低い点に注意が必要です。資金計画を立てて目的に合うか検討することが大切です。,D
q1,insurance_products-3,1,損害保険における「保険金額」とはどのようなものですか？,保険金額とは契約で定められた保険会社の支払限度額です。保険価額を参考にその範囲で設定され、損害が生じたときはその上限まで支払われます。,B
q2,insurance_products-3,2,損害保険における「保険価額」とは何を指しますか？,保険価額は建物や家財など保険の対象物を金銭的に評価した金額で、最大の損害額を示します。保険金額の設定基準となる重要な数値です。,E
q3,insurance_products-3,3,「超過保険」とはどのような状態を指しますか？,超過保険は保険金額が保険価額より高い状態です。損害保険は「利得禁止の原則」により、損害額を超える保険金は支払われず、超過部分は無効となります。,A
q4,insurance_products-3,4,免責の「フランチャイズ方式」と「免責方式」の違いとして正しいものはどれですか？,フランチャイズ方式は損害額が一定額未満なら全額自己負担、超えた場合は全額補償されます。免責方式は常にあらかじめ決めた金額分を自己負担する仕組みです。,B
q5,insurance_products-3,5,損害保険に関する「利得禁止の原則」とは何を意味しますか？,利得禁止の原則とは、契約者が保険で利益を得てはいけないというルールです。損害額を超える保険金は支払われず、必要以上の補償は無効となります。,E
q1,insurance_products-4,1,自賠責保険の補償範囲として正しいものはどれですか？,自賠責保険は強制加入の保険で、人身事故による他人の死傷に対する治療費や慰謝料などを補償します。物損や運転者本人の損害は対象外です。,E
q2,insurance_products-4,2,任意保険の「対人対物保険」で推奨される設定として正しいものはどれですか？,人身事故の賠償額は億単位になることもあるため、対人対物保険は「限度額無制限」に設定するのが推奨されています。,D
q3,insurance_products-4,3,任意保険の「車両保険」に関する正しい説明はどれですか？,車両保険は自分の車に損害があった場合の修理費などを補償します。無事故なら等級が上がり保険料が割引されます。,E
q4,insurance_products-4,4,自動車保険の「等級制度」に関する正しい説明はどれですか？,等級制度は20等級を上限とし、1年間無事故であれば毎年1等級上がります。等級が上がるほど割引率も高くなります。,A
q5,insurance_products-4,5,車両保険が特に必要とされるケースとして正しいものはどれですか？,車両保険は新車や高級車で修理費が高額になる場合、またローンが残っている車を失うと大きな負担になる場合に特に必要性が高まります。,C
q1,insurance_products-5,1,住宅火災保険の補償内容として正しいものはどれですか？,住宅火災保険は火災・落雷・爆発・積雪などの損害や、消火活動費用、残存物片付け費用が補償されます。水害や盗難は住宅総合保険の対象です。,A
q2,insurance_products-5,2,住宅総合保険で火災保険に加えて補償されるものはどれですか？,住宅総合保険は住宅火災保険に加え、水害や盗難による損害が補償対象となります。地震や津波による損害は地震保険に加入していないと補償されません。,E
q3,insurance_products-5,3,地震保険の契約方法について正しい説明はどれですか？,地震保険は単独で契約することはできず、必ず火災保険に付随して加入します。地震や噴火、津波による損害は地震保険でのみ補償されます。,C
q4,insurance_products-5,4,火災保険の保険金額の設定方法について正しい説明はどれですか？,火災保険の保険金額は「新価」と「時価」で設定されます。「新価」は同水準の物件を新たに建築または購入するための費用に基づく額です。,A
q5,insurance_products-5,5,賃貸入居者が加入する保険として正しいものはどれですか？,賃貸入居者は建物補償は不要で、借家人賠償責任保険に加入します。同時に家財保険にも加入でき、自分の持ち物を守ることができます。,C
q1,insurance_products-6,1,傷害保険の補償対象として正しいものはどれですか？,傷害保険は事故による死傷を補償し、入通院日額や一事故ごとの設定額が支払われます。日常生活中の突発的な怪我が対象です。,B
q2,insurance_products-6,2,所得補償保険の特徴として正しい説明はどれですか？,所得補償保険は病気や怪我で働けない場合に所得減少を補うもので、入院だけでなく医師指示の自宅療養も対象となり、契約前の平均所得額を上限に毎月給付されます。,B
q3,insurance_products-6,3,個人賠償責任保険の補償対象外となるケースとして正しいものはどれですか？,個人賠償責任保険は他人に与えた損害を補償しますが、同居家族による事故や業務中の事故、預かり品や自動車事故などは対象外です。,A
q4,insurance_products-6,4,法人向け損害賠償保険の一つである「生産物賠償責任保険」が補償する内容として正しいものはどれですか？,生産物賠償責任保険は製造・販売した製品や提供サービスの欠陥によって事故が発生し、第三者に損害を与えた場合の賠償責任を補償します。,C
q5,insurance_products-6,5,情報漏えい賠償責任保険（サイバー保険）の補償対象として正しいものはどれですか？,情報漏えい賠償責任保険（サイバー保険）は、情報漏えいやサイバー攻撃によって他人に損害を与えてしまった場合の賠償責任を補償する保険です。,A
q1,tax-1,1,税金の歴史において、明治時代に導入された仕組みとして正しいものはどれですか？,明治時代には土地の価値に基づいた税が貨幣で納められるようになり、所得税や法人税が導入されました。これが現代税制の原型となります。,C
q2,tax-1,2,納税の義務について正しく説明しているものはどれですか？,日本国憲法では「教育・勤労・納税」が国民の三大義務とされています。納税は社会を支える基本的な責務の一つです。,B
q3,tax-1,3,国税に分類される税金として正しいものはどれですか？,国税は国に納める税金で、消費税や所得税、法人税、相続税、贈与税などがあります。一方、住民税や固定資産税は地方税です。,D
q4,tax-1,4,申告納税方式に当てはまる税金はどれですか？,申告納税方式は自分で計算して申告する仕組みで、主に所得税や法人税が該当します。住民税や固定資産税は賦課課税方式です。,C
q5,tax-1,5,非課税所得に含まれるものはどれですか？,非課税所得には遺族年金や通勤手当、子育て支援の助成金などがあります。全ての収入が課税対象ではない点を理解しておくことが重要です。,B
q1,tax-2,1,会社員にとっての「収入」と「所得」の違いとして正しい説明はどれですか？,収入は給与など得られた総額を指し、所得はそこから必要経費や控除を差し引いた課税対象の利益部分を指します。,C
q2,tax-2,2,「総合課税」に適用される仕組みとして正しいものはどれですか？,総合課税は複数の所得を合算し、所得が増えるほど税率が上がる「累進課税制度」で計算されます。高所得者ほど税率が高くなるのが特徴です。,B
q3,tax-2,3,給与所得控除について正しい説明はどれですか？,給与所得控除とは、会社員が経費を個別に計算しなくても一定額を自動的に差し引ける仕組みです。個人事業主における必要経費のような役割を果たします。,B
q4,tax-2,4,退職所得の課税対象の計算方法として正しいものはどれですか？,退職所得は「退職金−退職所得控除」の残額の2分の1が課税対象となります。優遇措置により税負担が大きく軽減されます。,D
q5,tax-2,5,住民税の納付方法について正しい説明はどれですか？,住民税は前年の所得をもとに計算されます。会社員は「特別徴収」として給与から毎月天引きされ、自営業者などは「普通徴収」として自身で納めます。,B
q1,tax-3,1,不動産所得について正しい説明はどれですか？,不動産所得はアパートやマンションの家賃収入のほか、船や飛行機の貸付収入も含まれます。修繕費や管理費などを経費として差し引け、総合課税の対象です。,C
q2,tax-3,2,一時所得の計算方法として正しいものはどれですか？,一時所得は懸賞金や保険金などが対象で、収入から必要経費と最高50万円の特別控除を差し引いた後、その2分の1だけが課税対象となります。,B
q3,tax-3,3,雑所得に含まれるものとして正しいのはどれですか？,雑所得は他の所得に分類されない収入で、公的年金や副業収入、フリーランスの報酬、アフィリエイト収入などが該当します。総合課税の対象です。,A
q4,tax-3,4,譲渡所得の特徴として正しいものはどれですか？,譲渡所得は資産を売って得た利益で、保有期間5年以下は短期譲渡として全額課税、5年超は長期譲渡として半分だけが課税対象となり、税負担が軽くなります。,B
q5,tax-3,5,利子所得と配当所得の違いとして正しい説明はどれですか？,利子所得は預貯金や債券の利息で源泉分離課税により税金が差し引かれ申告不要です。配当所得は総合課税が原則ですが、上場株式等は申告分離課税を選択できます。,B
q1,tax-4,1,銀行の預貯金で得られる利息にかかる税金の仕組みとして正しいものはどれですか？,預貯金の利息は利子所得に区分され、源泉分離課税により20.315％が金融機関で差し引かれるため、通常は確定申告の必要はありません。,C
q2,tax-4,2,証券口座の課税方式について正しい説明はどれですか？,特定口座は「源泉徴収あり」と「なし」があり、源泉徴収ありを選べば税金は自動で差し引かれるため確定申告は不要です。一般口座は必ず確定申告が必要です。,E
q3,tax-4,3,生命保険の死亡保険金にかかる税金の区分として正しいものはどれですか？,死亡保険金は契約者と被保険者が同じで受取人が別なら相続税の対象です。契約関係によって所得税・贈与税・相続税のいずれが課税されるかが変わります。,A
q4,tax-4,4,投資信託の分配金について正しい説明はどれですか？,投資信託の分配金のうち、普通分配金は配当所得として課税対象になります。一方、元本払戻金は投資した元本が戻る性質のため非課税です。,B
q5,tax-4,5,外貨建て商品の「為替差益」やFX取引の利益はどのように課税されますか？,為替差益やFX取引の利益は雑所得に分類され、総合課税の対象です。給与など他の所得と合算されるため、所得が多いほど税率も高くなります。,C
q1,tax_return-1,1,医療費控除について正しい説明はどれですか？,医療費控除は、支払った医療費から保険で補填された額と10万円を差し引いた金額が対象です。治療費や市販薬は対象ですが、美容や予防目的は含まれません。,D
q2,tax_return-1,2,配偶者控除の適用条件について正しい説明はどれですか？,配偶者控除は控除対象配偶者がいる場合に適用され、70歳以上なら控除額が増えます。納税者の所得や配偶者の所得条件によって額は変動します。,C
q3,tax_return-1,3,扶養控除に関して正しい説明はどれですか？,扶養控除では、16歳以上の親族が対象です。特に19歳以上23歳未満は「特定扶養親族」となり、教育費がかかる時期に合わせて控除額が63万円に引き上げられています。,E
q4,tax_return-1,4,基礎控除について正しい説明はどれですか？,"基礎控除はすべての納税者に適用されますが、所得が2,500万円を超えると控除がなくなります。高所得者は控除が縮小・廃止される仕組みです。",B
q5,tax_return-1,5,寄付金控除について正しい説明はどれですか？,寄付金控除は国や自治体などに寄付した場合に適用され、ふるさと納税も対象に含まれます。寄付額の一部が控除され、実質的な負担を軽減できます。,E
q1,tax_return-2,1,税額控除の特徴として正しい説明はどれですか？,税額控除は所得控除と異なり、計算された税額そのものから直接差し引く制度です。控除効果が大きいため、節税に直結します。,B
q2,tax_return-2,2,配当控除の内容について正しい説明はどれですか？,配当控除は課税総所得が1000万円以下なら配当所得の10％を控除できます。1000万円を超える部分は5％に下がり、外国株や申告分離課税は対象外です。,D
q3,tax_return-2,3,住宅ローン控除の主な要件として誤っているものはどれですか？,住宅ローン控除の要件には床面積や所得制限、借入期間10年以上などがあります。借入期間5年以上では認められず、10年以上が条件です。,E
q4,tax_return-2,4,損益通算の対象となる所得の組み合わせとして正しいものはどれですか？,損益通算できるのは「不動産所得」「事業所得」「山林所得」「譲渡所得（総合課税分のみ）」です。給与所得や雑所得などは対象外です。,B
q5,tax_return-2,5,損益通算の効果として正しい説明はどれですか？,損益通算は赤字を他の黒字所得と合算して課税所得を減らせる制度です。対象は限定されていますが、上手に活用すれば所得税を抑えることができます。,C
q1,tax_return-3,1,確定申告が必要となる会社員のケースとして正しいものはどれですか？,会社員でも年収2000万円超は年末調整の対象外で、自身で確定申告が必要。他に2か所給与や給与以外20万円超でも必要。,B
q2,tax_return-3,2,青色申告を利用するために必要な手続きとして正しいものはどれですか？,青色申告は事前に開業届と青色申告承認申請書を税務署へ提出し承認が必要。対象は事業・不動産・山林所得のある人。,E
q3,tax_return-3,3,青色申告の特別控除に関して正しい説明はどれですか？,青色申告特別控除は10/55/65万円。65万円は複式簿記に加えe-Tax提出等の条件で適用。55万円は複式簿記等で適用。,D
q4,tax_return-3,4,確定申告時の本人確認書類として正しいものはどれですか？,本人確認はマイナンバーカード1枚で可。未所持の場合は番号確認書類（通知カード等）＋身元確認書類（免許証等）の2点が必要。,B
q5,tax_return-3,5,分離課税の所得がある場合に追加で必要となる書類として正しいものはどれですか？,株式等の譲渡所得や配当、不動産の譲渡、山林、退職所得など分離課税の所得があるときは、第一表・第二表に加えて第三表が必要。,C
q1,life_planning-1,1,ライフプランニングとは何を指す考え方ですか？,結婚・出産・教育・住宅・老後などの費用とタイミングを見通し、収入との釣り合いで準備する考え方。計画的に判断材料を整える。,A
q2,life_planning-1,2,ライフイベントを考える際の「短期」の目安はどれですか？,短期はおよそ5〜10年以内。中期は10〜20年、長期は60歳以降の老後を見据える期間として区分すると計画が立てやすくなる。,E
q3,life_planning-1,3,中期のライフイベントに含まれるものとして正しいのはどれですか？,中期は10〜20年後を想定。住宅購入や子どもの教育費、親の介護など大きな支出が重なりやすい時期で、備えが重要。,C
q4,life_planning-1,4,一般的なキャッシュフローの特徴として正しいものはどれですか？,教育費が増える大学進学期に貯蓄が大きく減るケースが多い。その後は子の独立で支出が減り、蓄えを活用して老後に入る。,D
q5,life_planning-1,5,女性のライフプランに影響する要因として正しい説明はどれですか？,正規雇用の女性の平均年収は約384万円、非正規は約153万円。非正規女性の人数は男性の約2倍で、収入差が計画に影響する。,B
q1,life_planning-2,1,結婚式と披露宴を合わせた平均費用として正しいのはどれですか？,結婚式と披露宴の平均費用は約327万円です。ご祝儀で約198万円は賄えますが、自己負担で200万円前後が必要になるケースが多いです。,C
q2,life_planning-2,2,新婚生活の初期費用として平均的に必要な金額はどれですか？,引っ越し費用・家具・家電・敷金礼金などを合算すると、新生活に必要な初期費用は平均で約120万円とされています。,C
q3,life_planning-2,3,出産育児一時金について正しい説明はどれですか？,出産育児一時金は条件を満たせば50万円が支給されます。多くは医療機関へ直接支払われ、不足分を自己負担、余りは後日受け取れます。非課税です。,A
q4,life_planning-2,4,出産手当金について正しい説明はどれですか？,出産手当金は健康保険加入者が対象で、支給対象は出産予定日を含む42日前から出産の翌日後56日までです。給与の3分の2相当額が日割りで支給されます。,D
q5,life_planning-2,5,育児休業給付金について正しい説明はどれですか？,育児休業給付金は原則1歳までですが、条件を満たせば最長2歳まで延長可能です。支給額は開始から半年間は67％、その後は50％で、社会保険料は免除されます。,A
q1,life_planning-3,1,住宅購入時に必要となる初期費用として正しいものはどれですか？,住宅購入時には手付金（5〜10％）、仲介手数料（約3％）、頭金（20〜30％）などの初期費用が必要です。頭金は一般的に物件価格の2〜3割程度です。,C
q2,life_planning-3,2,住宅を売却した際の税金について正しい説明はどれですか？,不動産売却で利益が出た場合、5年以下の短期所有では所得税30％＋住民税9％が課税されます。5年超なら15％＋5％に軽減されます。,C
q3,life_planning-3,3,教育費について正しい説明はどれですか？,教育費は学費に加え、制服代や教材費、習い事などで年間50〜100万円の追加出費が必要になるケースもあり、成長とともに負担は大きくなります。,D
q4,life_planning-3,4,大学の学費について平均的な金額として正しいものはどれですか？,大学の学費は国公立と私立で異なりますが、平均すると年間約100万円程度かかります。進学先によって大きく差が出るのが特徴です。,B
q5,life_planning-3,5,幼稚園から大学卒業まで、すべて私立に通った場合にかかる教育費の試算として正しいものはどれですか？,幼稚園から大学まですべて私立に通った場合、一人あたり約2000万円かかると試算されています。長期的な備えが必要です。,D
q1,life_planning-4,1,メンタルブロックとはどのような状態を指しますか？,メンタルブロックとは、何かを始めようとする時に「できない」「してはいけない」などの思い込みによって自分を止めようとする感情のことを指します。,A
q2,life_planning-4,2,メンタルブロックの要因として説明されているものはどれですか？,メンタルブロックの要因は「できない」「してはいけない」「しなければならない」という思い込みで、無意識に行動を制限してしまいます。,B
q3,life_planning-4,3,メンタルブロックの具体的なパターンに含まれるものはどれですか？,メンタルブロックには5つのパターンがあり「現状維持バイアス」「損失回避」「心理的負担」「一貫性の法則」「学習による思い込み」が挙げられます。,D
q4,life_planning-4,4,「一貫性の法則」によるメンタルブロックの例として正しいものはどれですか？,一貫性の法則とは、自分の考えや行動に一貫性を保ちたいという心理です。「お金持ちは悪いことをしている」と思うと自分も豊かになることを拒む例があります。,C
q5,life_planning-4,5,メンタルブロックを壊すための方法として紹介されたものはどれですか？,メンタルブロックを壊すには、自分の思い込みに気づき「この体験のメリットは？」と問いかけを変え、小さな目標を積み重ねることで自信につなげていきます。,B
q1,real_estate-1,1,不動産投資の基本的な仕組みとして正しいものはどれですか？,不動産投資はマンションやビルを購入してオーナーとなり、家賃収入を得ながらローンを返済していく仕組みです。長期的に安定した運用が特徴です。,B
q2,real_estate-1,2,ワンルームマンション投資の具体例として正しい説明はどれですか？,3000万円の物件を35年ローン（金利2％・頭金なし）で購入すると返済は月約10万円。家賃収入は同額程度ですが、管理費などを含めると月1万円程度の持ち出しになります。,A
q3,real_estate-1,3,不動産投資のリスクとして正しいものはどれですか？,不動産投資は空室リスクや修繕費の発生などにより、家賃収入が減ってローン返済が負担になる可能性があります。長期的視点での計画が欠かせません。,B
q4,real_estate-1,4,不動産投資の投資スタイルとして正しい説明はどれですか？,不動産投資は短期で儲けるものではなく、堅実に中長期で運用する投資です。ミドルリスク・ミドルリターンで安定した利回りを狙うのが特徴です。,C
q5,real_estate-1,5,不動産投資が他の資産運用と異なる特徴として正しいものはどれですか？,不動産投資はサラリーマンの安定収入や資産をもとに個人の信用力を評価され、金融機関から融資を受けられる点が特徴です。他の投資にはない仕組みです。,C
q1,real_estate-2,1,不動産投資におけるレバレッジ効果とはどのような仕組みを指しますか？,レバレッジ効果とは、小さな力で大きなものを動かすという意味で、不動産投資では少ない自己資金で大きな資産を持てる仕組みを指します。,B
q2,real_estate-2,2,銀行からの融資額の一般的な目安として正しいものはどれですか？,不動産投資では、物件や個人の評価によりますが、一般的に年収の8〜10倍程度の金額を融資されることが多いです。,C
q3,real_estate-2,3,世帯年収で評価される点のメリットとして正しいものはどれですか？,世帯年収で評価してもらえるため、夫婦や親子で年収を合算でき、融資可能額が増える可能性があります。億単位の物件に手が届くケースもあります。,A
q4,real_estate-2,4,利回り5％の不動産を自己資金3000万円で購入した場合の年間収入として正しいものはどれですか？,自己資金3000万円で利回り5％の物件を購入した場合、年間収入は3000万円×5％＝150万円となります。,C
q5,real_estate-2,5,レバレッジを効かせた場合の実質利回りの計算例として正しいものはどれですか？,自己資金300万円＋借入2700万円で利回り5％の物件を購入すると、利息を差し引いた利益は約96万円。投資額300万円に対する利回りは32％となります。,A
q1,real_estate-3,1,不動産投資が生命保険の代わりになる理由として正しいものはどれですか？,住宅ローン利用時に団体信用生命保険へ加入するケースが多く、万一の際は保険で残債が完済されます。遺族には無借金の不動産が残り、家賃収入や売却益を得られます。,A
q2,real_estate-3,2,不動産投資が個人年金の代わりになる仕組みとして正しい説明はどれですか？,不動産投資はローン返済中に家賃収入を充当し、完済後は家賃収入がそのまま老後の生活資金＝個人年金として機能する仕組みです。,B
q3,real_estate-3,3,不動産投資がインフレ対策になる理由として正しいものはどれですか？,インフレが進むと現金の価値は下がりますが、不動産は現物資産であるため物価と連動して価値が上昇し、資産価値を守ることができます。,E
q4,real_estate-3,4,不動産投資が安定した資産運用につながる理由として正しいものはどれですか？,不動産は現物資産であり、株や債券のように大幅に価値が下落する可能性が小さく、特に需要の高いエリアでは安定した利回りや資産価値が期待できます。,C
q5,real_estate-3,5,不動産投資が相続税対策になる理由として正しいものはどれですか？,現金は額面100％で課税されますが、不動産は評価額が圧縮されます。建物や土地の評価割合が下がることで課税対象額が減り、相続税を軽減できます。,A
q1,real_estate-4,1,不動産投資における空室リスクの特徴として正しいものはどれですか？,入居者がいないと家賃収入が得られず、ローン返済や管理費を自己負担する必要があります。立地や管理体制によって空室リスクは大きく変わります。,B
q2,real_estate-4,2,空室リスクへの対策として正しいものはどれですか？,空室リスクに対しては入居率の高い物件や管理会社を選ぶことが大切です。さらにサブリース契約を活用すれば、空室期間も家賃収入を保証してもらえます。,D
q3,real_estate-4,3,家賃下落リスクへの対策として適切なのはどれですか？,家賃下落に備えるには需要の高いエリアを選び、さらに人気の設備や間取りを備えた物件を選ぶことが有効です。東京23区内などは家賃が下がりにくいとされています。,A
q4,real_estate-4,4,資産価値下落リスクを軽減するために有効な対策はどれですか？,資産価値を維持するには、東京23区内など希少性が高い立地や、駅から徒歩10分以内、できれば5分以内の物件を選ぶことが有効です。,C
q5,real_estate-4,5,金利上昇リスクに備える制度として正しいものはどれですか？,投資用ローンでは「金利は半年ごとに見直し、返済額は5年間一定」の5年ルールや「125％ルール」などがあり、金利リスクを抑えられます。独自ローンでは上限がない場合もあり注意が必要です。,E
q1,real_estate-5,1,不動産投資における「出口戦略」とは何を指しますか？,出口戦略とは、不動産をいつ・どのように手放すかという計画のことです。購入時点から売却や活用の方針を考えることで、資金計画やライフプランが立てやすくなります。,A
q2,real_estate-5,2,不動産売却時の税率について正しい説明はどれですか？,物件を5年以下で売却した場合は短期譲渡となり約40％課税され、5年超で売却した場合は長期譲渡となり約20％課税されます。保有期間の違いで税率が大きく変わります。,C
q3,real_estate-5,3,不動産投資ローンの融資限度額の目安として正しいものはどれですか？,投資用不動産ローンは職業や年収で差がありますが、一般的には年収の8〜10倍程度の融資が可能とされています。年収800万円なら6000〜8000万円程度です。,C
q4,real_estate-5,4,中古物件の資産価値に関する説明として正しいものはどれですか？,中古物件は新築に比べて資産価値の下落が緩やかです。都市圏では年平均1％程度の下落率とされ、エリアや再開発によっては上昇することもあります。,B
q5,real_estate-5,5,繰上げ返済のメリットとして正しいものはどれですか？,繰上げ返済は、売却益や貯蓄を使ってローンの一部を前倒しで返済する仕組みです。返済期間を短縮でき、早い段階で無借金の物件を持つことが可能になります。,A
q1,real_estate-6,1,REIT（リート）の仕組みとして正しいものはどれですか？,REITは投資家から集めた資金で不動産投資法人が物件を購入・運用し、そこから得られる賃料収入や売却益を投資家に分配する仕組みです。,B
q2,real_estate-6,2,日本におけるREITの名称として正しいものはどれですか？,日本のREITは「J-REIT」と呼ばれます。アメリカで誕生したREITを参考に、日本では「Japan」の頭文字をつけてJ-REITと名付けられました。,C
q3,real_estate-6,3,REITの配当金の特徴として正しいものはどれですか？,REITの配当は決算期から3ヶ月以内に支払われ、通常半年ごとに決算が行われるため、年に2回の配当を受け取ることができます。,D
q4,real_estate-6,4,REITの購入方法について正しい説明はどれですか？,REITは証券取引所に上場しており、株式と同じように証券会社を通じて購入・売却できます。流動性が高く現金化しやすいのが特徴です。,D
q5,real_estate-6,5,REITのデメリットとして正しいものはどれですか？,REITはローンを使えず自己資本の範囲で投資するためレバレッジ効果を得られません。また節税効果も少なく、分配金配当のため複利効果が得にくい点もデメリットです。,E
q1,inheritance-1,1,「相続」とは何を指す言葉ですか？,相続とは、亡くなった人（被相続人）の財産や権利・義務を配偶者や子などの相続人が引き継ぐことを指します。現金や不動産だけでなく借金も含まれます。,B
q2,inheritance-1,2,戦前まで一般的だった「家督相続」の特徴として正しいものはどれですか？,家督相続とは、長男（嫡子）が家のすべての権利と財産を引き継ぐ制度です。家の分裂を防ぐ目的がありましたが、他の兄弟姉妹には不公平な制度でした。,B
q3,inheritance-1,3,現代の相続制度における「遺産」とは何を指しますか？,「遺産」とは、現金・預貯金・株式・動産・不動産に加え、借入金などの債務や著作権などの権利も含めた、亡くなった人のすべての財産を指します。,C
q4,inheritance-1,4,法定相続人の優先順位について正しい説明はどれですか？,相続では配偶者は常に相続人となります。そのうえで第一順位は子、子が亡くなっていれば孫が代襲相続します。次が両親など直系尊属、最後が兄弟姉妹です。,A
q5,inheritance-1,5,未成年者が相続人の場合に必要となる手続きとして正しいものはどれですか？,未成年者が相続人の場合、通常は親が代理人となります。ただし親も相続人で利益相反があるときは、家庭裁判所に特別代理人を選任してもらう必要があります。,C
q1,inheritance-2,1,自筆証書遺言について正しい説明はどれですか？,自筆証書遺言は、遺言者が全文・日付・氏名を自筆し押印する形式です。2019年以降は財産目録のみパソコン作成や通帳コピー添付が可能ですが、各ページに署名押印が必要です。,A
q2,inheritance-2,2,公正証書遺言の特徴として正しいものはどれですか？,公正証書遺言は、公証人が遺言者の口述を筆記し、遺言者・公証人・2人以上の証人が署名押印して成立します。信頼性が高く、トラブル防止につながります。,B
q3,inheritance-2,3,秘密証書遺言のメリットとして正しいものはどれですか？,秘密証書遺言は、内容を秘密にできる点が特徴です。ただし署名押印や封印など形式に不備があると無効になるリスクもあり、注意が必要です。,A
q4,inheritance-2,4,法定相続の具体例として正しいものはどれですか？,法定相続では配偶者と兄弟姉妹が相続人なら、配偶者3/4、兄弟姉妹はそれぞれ1/8ずつ相続します。民法で割合が細かく定められています。,C
q5,inheritance-2,5,遺産分割協議について正しい説明はどれですか？,遺産分割協議は、相続人全員の合意が必要です。一人でも欠けると無効になり、未成年者がいる場合は特別代理人を選任する必要があります。内容は協議書に文書化するのが原則です。,C
q1,inheritance-3,1,相続税の対象となる財産として正しいものはどれですか？,相続税は現金・土地・建物・株式など国内外を問わず金銭的価値のある財産に課されます。死亡保険金や死亡退職金も「みなし相続財産」として課税対象です。,E
q2,inheritance-3,2,死亡保険金の相続税に関する説明として正しいものはどれですか？,死亡保険金は「みなし相続財産」として課税対象ですが、法定相続人1人あたり500万円の非課税枠があります。控除後の金額に対して相続税がかかります。,A
q3,inheritance-3,3,相続税の基礎控除額の計算式として正しいものはどれですか？,"基礎控除額は「3,000万円＋600万円×法定相続人の数」で計算されます。これを超えた部分が課税対象の「課税遺産総額」となります。",D
q4,inheritance-3,4,配偶者の相続税控除について正しい説明はどれですか？,"配偶者が相続する財産が1億6,000万円以下または法定相続分以内なら相続税はかかりません。どちらか多い額までが非課税とされます。",B
q5,inheritance-3,5,小規模宅地等の特例について正しい説明はどれですか？,小規模宅地等の特例は、自宅や事業用の土地などについて評価額を最大8割減額できる制度です。特例で相続税がゼロになっても申告は必要です。,B
q1,inheritance-4,1,贈与税が課される対象期間として正しいものはどれですか？,贈与税は毎年1月1日から12月31日までの1年間に贈与された財産の合計額に対して課されます。これを暦年課税といいます。,B
q2,inheritance-4,2,暦年課税制度における基礎控除額として正しいものはどれですか？,暦年課税制度では、年間110万円までの贈与は非課税です。贈与を受ける人ごとに適用でき、それを超えた部分に累進課税（10〜55％）がかかります。,C
q3,inheritance-4,3,特例贈与財産に当てはまる条件として正しいものはどれですか？,特例贈与財産とは、18歳以上の人が父母や祖父母などの直系尊属から贈与を受けた財産です。一般贈与より税率が低く設定されています。,A
q4,inheritance-4,4,相続時精算課税制度の特別控除額として正しいものはどれですか？,"相続時精算課税制度では2,500万円までの贈与は特別控除により非課税となります。超えた部分は一律20％課税です。令和6年からは年間110万円の基礎控除も追加されました。",C
q5,inheritance-4,5,相続時精算課税制度を選択した場合の注意点として正しいものはどれですか？,相続時精算課税制度は一度選択すると暦年課税に戻せません。対象は60歳以上の父母・祖父母から18歳以上の子や孫への贈与で、制度選択は慎重に行う必要があります。,B
q1,hometown_tax-1,1,「ふるさと納税」が始まった背景として正しいものはどれですか？,ふるさと納税は、地方から都市部へ人が流れ税収が減った背景から「ふるさとへの恩返し」を目的に平成20年に導入されました。,B
q2,hometown_tax-1,2,ふるさと納税の寄付先として正しい選び方はどれですか？,ふるさと納税は地元に限らず、応援したい自治体や興味のある地域を自由に選べます。寄付の使い道を指定できるのも特徴です。,C
q3,hometown_tax-1,3,3万円をふるさと納税した場合、控除対象となる金額はいくらですか？,ふるさと納税は一律2000円が自己負担です。3万円寄付した場合は2000円を差し引いた2万8000円が控除対象となります。,C
q4,hometown_tax-1,4,ふるさと納税の自己負担2000円に関する誤解として正しいものはどれですか？,自己負担額は一律2000円です。寄付する自治体数や返礼品の数に関わらず増えることはなく、誤解しやすいポイントです。,E
q5,hometown_tax-1,5,ふるさと納税のメリットとして正しいものはどれですか？,ふるさと納税では返礼品を受け取れるうえに、所得税や住民税の控除を受けられます。さらに寄付金の使い道を指定できるのも魅力です。,A
q1,hometown_tax-2,1,ふるさと納税を始める前に最初に行うべきことはどれですか？,ふるさと納税には年収や家族構成に応じた控除の上限額があります。最初に上限額を把握することで、無駄のない寄付が可能になります。,E
q2,hometown_tax-2,2,ふるさと納税で控除額が変動する要因として正しいものはどれですか？,控除額は年収や家族構成により変動します。パートナーの収入や子どもの年齢によっても上限が変わるため、毎年確認することが大切です。,B
q3,hometown_tax-2,3,ワンストップ特例制度を利用できる人の条件として正しいものはどれですか？,ワンストップ特例制度は「確定申告が不要な給与所得者」で、かつ寄付先が5自治体以内の人が対象です。条件外の場合は確定申告が必要です。,A
q4,hometown_tax-2,4,ワンストップ特例制度を利用する場合、申請書の提出期限はいつまでですか？,ワンストップ特例制度の申請書は翌年1月10日必着です。期限を過ぎると控除が受けられなくなるため、余裕を持って提出する必要があります。,D
q5,hometown_tax-2,5,もしワンストップ特例の申請が間に合わなかった場合、どうすれば控除を受けられますか？,ワンストップ特例が間に合わなかった場合でも、確定申告をすれば控除が受けられます。諦めずに対応することが重要です。,E
q1,mileage_trip-1,1,マイルの基本的な特徴として正しいものはどれですか？,マイルは飛行機の搭乗距離などの利用に応じて加算されるのが特徴で、旅行や移動に関連するサービスで貯めることができます。,B
q2,mileage_trip-1,2,羽田〜パリ往復が羽田〜沖縄往復より多くのマイルを得られる理由は何でしょうか？,マイルは基本的に搭乗距離に応じて加算されます。パリのように距離が長い路線では、沖縄便よりも多くのマイルを獲得できます。,E
q3,mileage_trip-1,3,マイルを効率的に貯めるために必要なことはどれでしょうか？,マイレージサービスに登録するだけではクレジットカード決済でマイルは貯まりません。効率的に貯めるには専用クレジットカードを活用する必要があります。,D
q4,mileage_trip-1,4,世界の航空会社が属する3つの大きなグループの一つに含まれるものはどれでしょうか？,世界の航空会社は「スターアライアンス」「ワンワールド」「スカイチーム」の3大グループに分かれ、同じグループ内ではマイルを相互利用できます。,A
q5,mileage_trip-1,5,ANAで貯めたマイルをユナイテッド航空で使える理由として正しいものはどれですか？,ANAとユナイテッド航空はどちらもスターアライアンスに属しているため、ANAで貯めたマイルをユナイテッド航空で利用することができます。,B
q1,mileage_trip-2,1,マイルを貯める方法として正しいものはどれですか？,マイルの基本的な貯め方は「フライトやツアー」です。飛行距離に応じてマイルが付与され、距離が長いほど多く貯まります。,E
q2,mileage_trip-2,2,日常生活で効率よくマイルを貯める方法として適切なのはどれですか？,公共料金や家賃をクレジットカード払いにまとめるとポイントが効率的に貯まり、マイルに交換することで実生活で無理なく活用できます。,A
q3,mileage_trip-2,3,VポイントをANAマイルに交換する場合、500ポイントで何マイルになりますか？,Vポイントは500ポイント＝ANAの250マイルに交換できます。各種ポイントの交換比率は異なるため、事前に確認することが大切です。,C
q4,mileage_trip-2,4,ANAの特典航空券に必要なマイル数は時期によって変動します。この区分の呼び方として正しいのはどれですか？,ANAの特典航空券は「ローシーズン・レギュラーシーズン・ハイシーズン」の区分があり、繁忙期は必要マイル数が増加する仕組みです。,B
q5,mileage_trip-2,5,特典航空券が取れなかった場合のマイルの活用方法として正しいものはどれですか？,特典航空券が取れない場合でも、ANAは「スカイコイン」、JALは「eJALポイント」に換えて航空券購入時の支払いに使えます。,B
q1,point_hacking-1,1,ポイ活を始める際に推奨される準備として適切なものはどれですか？,ポイ活を進める中で届くメールがポイント獲得の証拠になるため、専用のメールアドレスを準備しておくと管理しやすく安心です。,A
q2,point_hacking-1,2,企業がポイントサイトに広告費を支払う主な理由は何でしょうか？,広告費を活用して消費者にポイントを還元することで、企業は商品やサービスの認知拡大や利用促進を狙っています。,C
q3,point_hacking-1,3,ポイ活で貯めたポイントの代表的な使い道として正しいものはどれですか？,ポイントは銀行出金・他社ポイント・マイルに交換でき、生活費の節約や旅行など多様な使い道につなげられます。,A
q4,point_hacking-1,4,銀行からポイントを出金する際の特徴として正しいものはどれですか？,銀行出金は手数料無料のサービスが多く、処理期間も短いため、急な出費時にも便利に利用できます。,B
q5,point_hacking-1,5,ポイ活で「複数取り」ができる代表的な例はどれでしょうか？,ポイントサイトを経由してネットショッピングでクレジットカードを使うと、三重取りができ効率的にポイントを貯められます。,B
q1,point_hacking-2,1,Webショッピング案件でポイントを貯める方法として正しいものはどれですか？,Webショッピング案件は、楽天やAmazonなどで買い物をする際にポイントサイトを経由することで、購入金額の一部がポイント還元される仕組みです。,B
q2,point_hacking-2,2,資料請求案件の特徴として正しいものはどれでしょうか？,資料請求案件は住宅や保険などの資料を取り寄せるだけで数百円〜数千円相当のポイントが付与されることがあり、無料で利用できるのが特徴です。,C
q3,point_hacking-2,3,動画サービスの無料お試し案件を利用する際に注意すべき点は何ですか？,動画サービス案件は無料体験と同時にポイントも得られますが、多くは無料期間終了後に自動課金へ移行するため、解約期限を確認することが大切です。,A
q4,point_hacking-2,4,モニター案件の特徴として正しいものはどれですか？,モニター案件は飲食店や美容室などを利用し、その体験をもとに口コミやアンケートを提出することでポイントがもらえる仕組みです。,B
q5,point_hacking-2,5,ふるさと納税をポイントサイト経由で行う場合のメリットとして正しいものはどれですか？,ふるさと納税をポイントサイト経由で行うと、税金控除と返礼品に加えてポイントも得られ、三重取りのメリットがあります。,E
q1,ai-1,1,AI（人工知能）について正しい説明はどれでしょうか？,AIは「人工知能」を意味し、すでにお掃除ロボットやチャットボットなど私たちの身近な生活に取り入れられています。特別なものではなくなりつつあります。,A
q2,ai-1,2,AIに対する正しい考え方はどれでしょうか？,AIは「仕事を奪う」と不安視されることもありますが、本質はツールです。うまく使いこなすことで私たちの暮らしや働き方を支えてくれる存在になります。,C
q3,ai-1,3,AIが企業で活用される例として正しいものはどれでしょうか？,企業ではAIを市場分析や顧客データの解析に活用し、意思決定のスピードや正確性を向上させています。業務効率化や競争力の強化につながります。,B
q4,ai-1,4,新しい技術と社会の変化について正しい説明はどれでしょうか？,電気やパソコンと同様、新しい技術はシェアが50％を超えると社会に大きな変化をもたらすと言われています。AIも同じように社会基盤を変える存在になると考えられます。,A
q5,ai-1,5,AIについて学ぶことの重要性として正しい説明はどれでしょうか？,AIは今後の社会を形作る基盤技術です。知らないままだと後から後悔する可能性があり、早めに触れて学ぶことが将来の生活や仕事に役立ちます。,E
q1,ai-2,1,世界のAI市場の構造について正しい説明はどれでしょうか？,世界のAI市場は「生成AIの基盤技術」「アプリケーション開発」「導入支援サービス」の3つに分けられます。ChatGPTはアプリケーションの領域に含まれます。,A
q2,ai-2,2,2023年から2024年にかけて時価総額ランキングで急上昇した企業はどれでしょうか？,2023年6月時点で6位だったNVIDIAは、わずか1年後には1位に急上昇しました。ChatGPTなどに必要なAI用チップを開発・製造している企業です。,C
q3,ai-2,3,GAFAMがAI分野で競争優位を持つ理由として正しいものはどれでしょうか？,GAFAMは検索履歴やSNS、業務データや購買行動など膨大な顧客データを保有しています。これがAIの学習やサービス最適化に役立ち、強い競争力につながっています。,C
q4,ai-2,4,日本でAIの活用が進んでいない理由として多く挙げられているものはどれでしょうか？,総務省の調査では、日本人がAIを使わない大きな理由は「使い方がわからない」という不安でした。,A
q5,ai-2,5,日本政府のAI普及に向けた支援策として正しい説明はどれでしょうか？,日本政府はAI普及に向けて、企業がAIを導入する際の研修費用を最大75％補助する助成金制度を設けています。AIの「知る・学ぶ・使う」を支援する取り組みです。,E
q1,ai-3,1,AIが人間の知能を超えると予測される理由として正しいものはどれでしょうか？,AIは専門知識を持ちながら多言語を操り、一度学んだことを忘れず疲れ知らずに稼働します。こうした特徴により、将来的に人間の知能を大きく超えると予測されています。,A
q2,ai-3,2,生成AIの特徴について正しい説明はどれでしょうか？,生成AIは検索エンジンの代替ではなく、過去のデータや学習をもとに確率論で新しい回答を作り出します。正解があるわけではなく、人間の質問力が重要になります。,B
q3,ai-3,3,ChatGPTについて正しい説明はどれでしょうか？,ChatGPTは生成AIそのものではなく、GPTというAIをチャット形式で使えるようにしたアプリケーションの一つです。文章生成に特化している点が特徴です。,C
q4,ai-3,4,Canvaやレオナルドに関する説明として正しいものはどれでしょうか？,CanvaはAI機能を搭載し、デザインテンプレートの自動生成やプレゼン資料作成が可能になりました。さらに画像生成AIのレオナルドを吸収し、AI画像作成機能も追加されています。,C
q5,ai-3,5,ChatGPTの活用例として正しいものはどれでしょうか？,ChatGPTはビジネスメール作成やプレゼン構成、子どもの宿題のサポートや旅行計画など、日常や仕事に役立ちます。ただし毎回同じ答えが出るわけではなく、質問力も重要です。,E
q1,global_finance-1,1,マスターカード社の調査による日本の金融リテラシーについて正しい説明はどれでしょうか？,マスターカード社の調査によると、日本の金融リテラシーはアジア諸国の中で最下位という結果でした。特に投資分野での意識の低さが目立つとされています。,B
q2,global_finance-1,2,1989年と2024年の世界時価総額ランキングの変化について正しい説明はどれでしょうか？,1989年にはNTTをはじめ銀行や保険会社など日本企業が世界の時価総額上位を占めていましたが、2024年にはGAFAMなどアメリカ企業が中心となり、日本企業はトップ10に入っていません。,A
q3,global_finance-1,3,日本・アメリカ・イギリスの家計金融資産の成長率について正しい説明はどれでしょうか？,この20年間でアメリカの家計資産は3.1倍、イギリスは2.0倍、日本は1.5倍の成長にとどまりました。資産構成の違いが成長の差につながっています。,B
q4,global_finance-1,4,アメリカの投資信託の販売方法で取り入れられている仕組みとして正しいものはどれでしょうか？,アメリカでは「セイムボート」の考え方が浸透しており、運用成果に応じて報酬が決まります。顧客と運用側が同じ目線で利益を目指す仕組みにより、健全な投資環境が保たれています。,B
q5,global_finance-1,5,日本と海外の資産構成の違いについて正しい説明はどれでしょうか？,日本では依然として家計資産の50％以上が預貯金ですが、アメリカでは株式や投資信託が半分以上を占めています。イギリスは年金や保険の比率が高いのが特徴です。,A
q1,global_finance-2,1,アメリカや香港などで預金金利が高い背景として正しい説明はどれでしょうか？,アメリカや香港では高い金利が提示されていますが、その裏には物価上昇や経済の不安定さといったリスクがあります。金利だけで判断せず、リスクとのバランスが重要です。,B
q2,global_finance-2,2,日本の現在の預金金利について正しい説明はどれでしょうか？,日本の預金金利は現在0.2％に引き上げられ、0.001％から大きく上がりました。しかし世界と比べると依然として低く、物価上昇率が金利を上回る課題があります。,A
q3,global_finance-2,3,日本の高齢者の就業率について正しい説明はどれでしょうか？,日本では65歳から69歳の就業率が52.9％に達しており、国際的に見ても高い水準です。年金だけでは不安が大きく、多くの高齢者が働き続ける必要を感じています。,C
q4,global_finance-2,4,香港の資産形成制度「MPF（強制積立年金）」の特徴として正しいものはどれでしょうか？,MPFは香港の強制積立年金制度で、18歳から65歳の従業員が一定の条件を満たすと毎月給与から拠出し、本人がポートフォリオを組んで運用できます。日本の年金よりも自己運用色が強い仕組みです。,C
q5,global_finance-2,5,老後の生活準備について正しい考え方はどれでしょうか？,かつては大学・企業・退職金・年金で老後を安心して過ごせるとされていましたが、現在はそうではありません。自分で資産形成を考え、準備する時代になっています。,D
q1,global_finance-3,1,日本の小学校での金融教育について正しい説明はどれでしょうか？,日本の小学校では約5785時間もの授業がありますが、金融教育の時間はほとんどありません。金融教育の不足が、日本人のお金に対する誤った考えにつながっています。,D
q2,global_finance-3,2,日本人が「投資＝危険」と考えがちな理由として最も近いものはどれでしょうか？,日本では小学校から高校まで金融教育の機会が乏しく、多くの人が投資を学ばないまま大人になります。そのため「投資＝危険」という誤ったイメージが根強く残っています。,B
q3,global_finance-3,3,イギリスの小学校で学ぶ金融教育の内容として正しいものはどれでしょうか？,イギリスでは小学校3年生から6年生にかけて、クレジットカードの使い方や老後資金、住宅ローン、保険、収支計画など幅広い金融教育が行われています。,B
q4,global_finance-3,4,2022年4月から日本の高校で導入された金融教育について正しい説明はどれでしょうか？,2022年4月から日本の高校では金融教育が義務化され、高校1年生の家庭科の授業で導入されています。年間70時間のうち金融教育はわずか8時間程度しか行われていません。,A
q5,global_finance-3,5,海外と比べた日本の金融教育の特徴として正しいものはどれでしょうか？,海外では金融教育の開始が早く、イギリスでは3歳から、アメリカでは10歳から導入されています。日本では2022年から高校で義務化されましたが、まだ遅れています。,C
q1,kids_money_education-1,1,お金の起源に関する説明として正しいものはどれでしょうか？,お金の起源は物々交換にあり、保存や交換の不便さを解消するために金・銀・銅などの貴金属が使われ、やがて現在の紙幣や硬貨へと移り変わりました。,A
q2,kids_money_education-1,2,日本で使われる「紙幣」の正式名称として正しいものはどれでしょうか？,日本で流通する紙幣は正式には「日本銀行券」と呼ばれます。政府が法的に通貨と定め、日本銀行を通じて流通しています。,E
q3,kids_money_education-1,3,ジンバブエで2000年代に起こった「猛烈なインフレ」による影響として正しいものはどれでしょうか？,ジンバブエでは猛烈なインフレにより物価が急激に上昇し、前年は1万円で買えたものが翌年には何百万円もしないと買えない状況になりました。通貨の信用を失う典型例です。,D
q4,kids_money_education-1,4,お金が「価値を測る基準」として役立つのはなぜでしょうか？,お金は共通の「ものさし」として働き、商品の違いを数値（価格）で比べられる点に価値があります。例えば同じ形のイヤホンでも、音質や機能によって価格が変わります。,B
q5,kids_money_education-1,5,お金の本質として最も重要な説明はどれでしょうか？,お金そのものはただの紙や金属ですが、国や政府、銀行、法律といった「信用」によって初めて通貨としての価値が成り立ちます。信用を失うとお金は紙切れに過ぎなくなります。,E
q1,kids_money_education-2,1,小学生から高校生のお小遣いの平均額について正しい説明はどれでしょうか？,小学生低学年では千円程度、中学生では3千円台、高校生では6千円台が一般的です。高校生はアルバイトを始めると家庭からのお小遣いがゼロになる場合もあります。,B
q2,kids_money_education-2,2,海外のお小遣い事情に関する説明で正しいものはどれでしょうか？,イギリスでは「ノージョブノーマネー」という理念があり、家庭での手伝いを通してお小遣いを得る習慣があります。アメリカやスイスと共通して、家庭で金銭教育を重視しています。,B
q3,kids_money_education-2,3,「ピギー貯金箱」の特徴として正しいものはどれでしょうか？,ピギー貯金箱はSAVE（貯蓄）・SPEND（消費）・DONATE（寄付）・INVEST（投資）の4つに分けてお金を管理できる貯金箱で、子どもが使い道を意識して学べる仕組みです。,A
q4,kids_money_education-2,4,定額制のお小遣いのメリットとして正しいものはどれでしょうか？,定額制では毎月安定して決まった金額がもらえるため、子どもは計画的に管理する力を養うことができます。給与のような感覚で金銭管理を学べる点もメリットです。,C
q5,kids_money_education-2,5,お小遣いをキャッシュレスで渡す際に気をつけておくことはどれでしょうか？,キャッシュレスは便利ですが、現金を実際に手にして管理する経験を通じてお金の扱い方を学ぶことも重要です。現金管理の経験が金銭感覚の基礎を作ります。,E
q1,kids_money_education-3,1,子どものお小遣いを考えるうえで大前提となる視点はどれでしょうか？,お小遣いは単なるお金の受け渡しではなく、子どもが将来お金とどう関わるかを形作る土台になります。親がどのような考え方で渡すかが大切です。,C
q2,kids_money_education-3,2,親の日常的な口ぐせが子どもに与える影響として正しいものはどれでしょうか？,親の何気ない口ぐせが子どもの価値観に直結します。否定的な言葉はお金への不安や制限感覚を生み、将来の浪費や執着につながる可能性があります。,C
q3,kids_money_education-3,3,「値段」ではなく「価値」で考えるとは、どんな判断のことですか？,お金を使うときに大切なのは値段そのものではなく、その先に得られる効果や意味です。これを意識できると、価格だけにとらわれない判断力が育ちます。,A
q4,kids_money_education-3,4,「必要なもの」と「欲しいもの」の違いを学ぶ効果として適切なものはどれでしょうか？,お小遣いを通して「必要と欲しいの違い」を体験することが、計画性を育てます。欲しいものを優先すると必要なものが買えないという実感が学びになります。,B
q5,kids_money_education-3,5,お小遣い帳に関する親の対応として最も望ましいものはどれでしょうか？,お小遣い帳は親が細かく口出しするのではなく、まずは見守ることが大切です。困ったときは追加で渡すのではなく一緒に考える姿勢が、お金と向き合う力を育てます。,E
q1,fx-1,1,FXの取引時間について正しい説明はどれですか？,FXは平日24時間取引が可能ですが、土日は市場が閉まります。世界各国の市場が時差で開くため取引が続きますが、祝日の影響は通貨によって異なります。,B
q2,fx-1,2,FXで取引できる対象として正しいものはどれですか？,FXでは主要通貨に加え、ビットコインやゴールドなども対象に含まれます。株式や不動産は対象外であり、幅広い資産を取引できる点が特徴です。,C
q3,fx-1,3,「ロスカット」に関する説明で正しいものはどれですか？,ロスカットは証拠金維持率が一定水準を下回ったときに強制決済される仕組みです。損失を抑えるための制度ですが、急な値動きでは完全に防げないこともあります。,B
q4,fx-1,4,「スプレッド」に関する説明として正しいものはどれですか？,スプレッドは通貨の売値と買値の差を意味し、実質的な取引コストになります。通貨や会社によって異なるため、口座選びの重要な基準となります。,B
q5,fx-1,5,FXを始める際に準備すべき資金として正しいものはどれですか？,FXを始めるには、日常生活に影響を与えない余剰資金を準備することが基本です。無理のある資金で始めると損失が生活に直結し、リスク管理が難しくなります。,D
q1,fx-2,1,FXで利益や損失が決まる仕組みとして正しいのはどれでしょうか？,FXは2つの通貨間の値動きの差、つまり変動幅によって利益や損失が決まります。,B
q2,fx-2,2,FXで「空売り」とはどのような取引でしょうか？,空売りとは、価格が下がることを予想して売り注文から始める取引で、差金決済取引によって通貨を持っていなくても可能です。,A
q3,fx-2,3,日本国内におけるFXの個人向けレバレッジの上限は何倍でしょうか？,日本国内の法律では、個人が利用できるFXのレバレッジ上限は25倍と定められています。,C
q4,fx-2,4,レバレッジ取引の特徴として正しいのはどれでしょうか？,レバレッジは証拠金に倍率をかけて大きな取引を可能にする仕組みであり、利益も損失も拡大するリスクがある。,C
q5,fx-2,5,FXでレバレッジを活用する際に忘れてはならない重要な点はどれでしょうか？,レバレッジは利益が大きくなる一方で、損失も同じように大きくなるため、負債を抱えるリスクがある点に注意が必要です。,B
q1,fx-3,1,FXで初心者がよく陥る失敗の一つはどれでしょうか？,FXで初心者がよく陥る失敗の一つは、勘や思い込みで取引をしてしまうことです。ルールを決めずに取引することも大きなリスク要因です。,B
q2,fx-3,2,FXで成功している投資家に共通する行動はどれでしょうか？,成功している投資家は必ず自分の取引ルールを決め、それを守っています。特に損切りラインを設定することが重要です。,C
q3,fx-3,3,FX初心者が複数の通貨ペアに手を出すと、どんなことが起こりやすいでしょうか？,初心者が複数の通貨ペアに手を出すと小さな損失が積み重なり、全体として大きな損失につながる可能性があります。,B
q4,fx-3,4,動画で解説されていたFXのリスク管理方法はどれでしょうか？,FXのリスク管理方法として、損切りラインをあらかじめ決めておくことが重要です。,D
q5,fx-3,5,資産形成を目的とする人にとってFXの位置づけとして正しいのはどれでしょうか？,FXは高リスク高リターンの投資であり、資産形成の最初の手段としては適していません。まず資産形成の土台を作り、余剰資金で行うのが望ましいです。,C
q1,crypto-1,1,暗号資産とはどのようなものですか？,暗号資産とは、インターネット上で使うデジタルのお金です。物理的な形はなく、ブロックチェーン技術を使って送金や取引が行われます。,B
q2,crypto-1,2,暗号資産は大きく2種類に分けられます。ビットコイン以外の暗号資産は何と呼ばれるでしょうか？,暗号資産はビットコインとアルトコインの2種類に分けられます。ビットコイン以外の暗号資産はすべてアルトコインと呼ばれます。,C
q3,crypto-1,3,ビットコイン以外の暗号資産を何と呼ぶでしょうか？,ビットコイン以外の暗号資産はすべてアルトコインと呼ばれます。スマホの世界で「iPhoneとそれ以外」という区別に例えられます。,B
q4,crypto-1,4,暗号資産を安全に保管する方法として、インターネットから切り離されたウォレットはどれでしょうか？,インターネットから切り離されたウォレットはコールドウォレットです。ハッキングのリスクが低く、安全性が高い保管方法です。,D
q5,crypto-1,5,暗号資産の利益に関する税金で正しいのはどれでしょうか？,暗号資産で年間20万円以上の利益が出た場合は雑所得として確定申告が必要です。また、副業や年金など他の所得と合算して課税対象になる場合もあります。,C
q1,crypto-2,1,ブロックチェーンとはどのような技術ですか？,ブロックチェーンは、データをブロック単位にまとめてチェーンのようにつなぎ、改ざんが困難で障害に強い管理を可能にする技術です。,A
q2,crypto-2,2,中央集権型システムの例として正しいものはどれですか？,中央集権型の代表例には「銀行」「SNS」「配送業者」があり、中央サーバーや特定の組織がデータを一元管理します。,A
q3,crypto-2,3,分散型台帳の特徴として誤っているものはどれですか？,「一台のサーバーが停止すると全体が利用できなくなる」のは中央集権型の特徴であり、分散型台帳では多数のコンピュータでデータを共有しているため、すぐに復旧できます。,D
q4,crypto-2,4,過去に起きた暗号資産流出事件の原因として正しいものはどれですか？,過去の暗号資産流出事件は、ブロックチェーン自体の問題ではなく、取引所の中央サーバーがハッキングされたことが原因でした。,B
q5,crypto-2,5,暗号資産と取引所の仕組みについて正しいものはどれですか？,暗号資産はブロックチェーン上で管理される一方、取引所は中央集権型のシステムを採用していることが重要な違いです。,A
q1,crypto-3,1,近年、日本で暗号資産を利用できる事例として正しいのはどれでしょうか？,日本ではビックカメラでビットコイン決済が導入され、メルカリでも暗号資産の購入・取引が可能です。,B
q2,crypto-3,2,エルサルバドルにおけるビットコインの扱いについて、動画で説明されていた内容はどれでしょうか？,エルサルバドルは2021年にビットコインを法定通貨に採用しましたが、2025年現在では事実上その扱いは終了しています。,A
q3,crypto-3,3,暗号資産を保有する際のリスク管理として、動画で紹介されていないものはどれでしょうか？,分散保管・オフライン管理・アドレス入力の確認・取引所のハッキングリスクについて解説しました。「頻繁に売買を繰り返すこと」はリスク管理ではなく、むしろ価格変動によるリスクを高める行為です。,D
q4,crypto-3,4,コールドウォレットやペーパーウォレットを使う利点として正しいのはどれでしょうか？,コールドウォレットやペーパーウォレットはインターネットから切り離されているため、ハッキングのリスクを大幅に減らせます。,A
q5,crypto-3,5,暗号資産への投資で推奨される姿勢として正しいのはどれでしょうか？,暗号資産は価格変動が激しいため、余剰資金のさらに余剰金で投資することが推奨されています。,C
q1,nft-1,1,NFTを一言で表すと、どのように説明されていましたか？,NFTは「デジタル版の鑑定書付きアイテム」と説明され、デジタルデータに本物である証明を付与する仕組みです。,B
q2,nft-1,2,ブロックチェーンが「デジタル版の金庫」と例えられた理由として正しいのはどれでしょうか？,ブロックチェーンは「デジタル版の金庫」と説明され、所有権や購入履歴などが改ざん困難な形で記録されます。,A
q3,nft-1,3,NFTは「ブランドバッグのシリアルナンバー」に例えられました。これはNFTのどんな特徴を表していますか？,NFTは「ブランドバッグのシリアルナンバー」に例えられ、1つ1つに所有権や証明が付与されるため、本物とコピーを区別できます。,E
q4,nft-1,4,NFTが特に人気を集めている分野として正しいのはどれでしょうか？,NFTは「世界に一つしかないアイテム」であることを証明できるため、デジタルアートやファッション、ゲームアイテム、チケットなどで人気を集めています。,C
q5,nft-1,5,NFTとメタバースの関係について正しいものはどれでしょうか？,NFTは「デジタル資産（アイテム）」を指し、メタバースは「デジタル空間（場所）」を指します。動画では、メタバース内でNFTの服や家具を売買できる例を紹介しました。,A
q1,nft-2,1,NFTの購入方法として、現在主に使われている通貨はどれでしょうか？,NFT市場では主にイーサリアムが取引通貨として使用されており、まず暗号資産取引所でイーサリアムを購入する必要があります。,C
q2,nft-2,2,NFTを購入する際に注意すべきポイントはどれでしょうか？,NFT市場は誰でも参入できるため、偽物が出回るリスクがあります。アーティストや作品の正規性を確認することが大切です。,B
q3,nft-2,3,NFTの取引で発生する「ガス代」とは何でしょうか？,NFTの取引には「ガス代」と呼ばれる手数料がかかり、イーサリアムに送金や売買などのデータを書き込む際に必要となります。,C
q4,nft-2,4,NFTを保有することで得られる楽しみ方として正しいのはどれでしょうか？,NFTはコレクションや転売以外にも、SNSのアイコンにしたり、メタバースで活用したり、限定コミュニティに参加する権利を得るなどの楽しみ方があります。,A
q5,nft-2,5,今後NFTの実用的な活用が期待されている分野として正しいのはどれでしょうか？,今後はNFTがデジタル証明技術として活用されることが期待されており、不動産のシェア購入サービスや地方創生のDAOプロジェクトなどが注目されています。,D
q1,nft-3,1,NFTを購入する際に特に注意すべきリスクとして正しいのはどれでしょうか？,NFT市場には多くの詐欺サイトが存在するため、必ず公式プラットフォームを利用し、URLをダブルチェックする習慣が重要です。,B
q2,nft-3,2,NFT市場におけるガス代（手数料）について正しい説明はどれでしょうか？,NFT取引時にかかる手数料（ガス代）は、市場が活発になると情報処理が増えるため高騰する傾向があります。,C
q3,nft-3,3,NFTのセキュリティに関する正しい理解はどれでしょうか？,NFT自体はブロックチェーン技術で守られていますが、中央集権型のサービス（NFTゲーム運営など）はハッキングリスクがあり、資産が盗まれる可能性もあります。,B
q4,nft-3,4,ペーパーウォレットとコールドウォレットの違いとして正しいのはどれでしょうか？,ペーパーウォレットはパスワードを紙に記録して完全オフラインで保管する方法で、劣化や紛失に注意が必要です。コールドウォレットは専用デバイスに保存し、ハッキングリスクがほぼゼロです。,C
q5,nft-3,5,NFTへの投資スタンスとして適切なのはどれでしょうか？,NFT投資は「いつか価値が上がる」という保証はなく、不安定な要素も多いので、まずは資産形成を優先し、余剰資金の範囲で挑戦することが重要です。,E
q1,metaverse-1,1,「メタバース」という言葉は、どの言葉を組み合わせた造語でしょうか？,「メタバース」は英語の「超越（meta）」と「宇宙（universe）」を組み合わせた造語です。,C
q2,metaverse-1,2,現在世界中で広がっている「メタバース」とは何を指すでしょうか？,現在世界中で広がっているメタバースとはインターネット上の仮想空間を指します。,D
q3,metaverse-1,3,動画で紹介されたメタバースの活用事例として正しいものはどれでしょうか？,「教育現場で歴史的な場所を仮想体験できる」など、会議やエンタメとあわせて活用事例としてあります。,A
q4,metaverse-1,4,2030年にはメタバースの市場規模がどの程度に達すると予測されているでしょうか？,メタバースの市場規模は2023年に567億ドル、2030年には5078億ドルに達すると予測されています。,C
q5,metaverse-1,5,Facebook社がMetaに社名を変更した背景として正しいのはどれでしょうか？,Facebook社は2021年10月にMetaへ社名を変更しました。その理由はメタバース開発を事業の中心に据えるためです。,B
q1,metaverse-2,1,NFTが注目されている理由として正しいのはどれでしょうか？,NFTはブロックチェーン技術によってデジタルアイテムの所有権を証明できる仕組みで、デジタル資産に価値を持たせることができます。,B
q2,metaverse-2,2,動画で紹介されていたメタバースの活用例として正しいのはどれでしょうか？,メタバースでは土地や不動産を購入し、バーチャル店舗を運営する新しいビジネスモデルが登場しています。,A
q3,metaverse-2,3,将来的にメタバースで期待されている体験の例として正しいのはどれでしょうか？,将来的には仮想空間で試着した商品を現実で購入したり、旅行先を仮想体験するなど、リアルとリンクした体験が期待されています。,A
q4,metaverse-2,4,動画で解説されていたメタバースのリスクとして正しくないものはどれでしょうか？,「プライバシー侵害」「セキュリティリスク」「没頭によるメンタル影響」「法律や倫理の遅れ」がリスクであり、「現実の家賃が上がる」といった影響はメタバースとは無関係です。,E
q5,metaverse-2,5,メタバース時代への備えとして、重要な姿勢はどれでしょうか？,流行に流されず、リスクを正しく理解し、長期的な視点で判断することが重要です。,C